station_id,lat,lon,source,reports,country
UNWK2,37.783,-87.979,madis,subhourly,US
UNYO3,44.504,-118.196,madis,subhourly,US
UOLC2,38.601,-108.017,madis,subhourly,US
UOPP1,40.444,-79.958,madis,subhourly,US
UP001,41.001,-111.926,madis,subhourly,US
UP002,40.732,-99.491,madis,subhourly,US
UP003,42.061,-94.858,madis,subhourly,US
UP004,41.087,-104.946,madis,subhourly,US
UP005,41.051,-111.686,madis,subhourly,US
UP006,41.23,-103.796,madis,subhourly,US
UP007,45.188,-117.897,madis,subhourly,US
UP008,41.149,-104.144,madis,subhourly,US
UP009,38.438,-88.898,madis,subhourly,US
UP010,38.487,-112.984,madis,subhourly,US
UP011,41.076,-115.248,madis,subhourly,US
UP012,40.574,-93.525,madis,subhourly,US
UP013,36.502,-114.764,madis,subhourly,US
UP014,39.685,-93.908,madis,subhourly,US
UP015,41.213,-104.464,madis,subhourly,US
UP016,41.836,-106.681,madis,subhourly,US
UP017,43.925,-116.985,madis,subhourly,US
UP018,40.7,-99.24,madis,subhourly,US
UP019,40.787,-99.79,madis,subhourly,US
UP020,39.063,-94.849,madis,subhourly,US
UP021,40.445,-98.14,madis,subhourly,US
UP022,41.962,-91.592,madis,subhourly,US
UP023,41.714,-103.23,madis,subhourly,US
UP024,41.812,-110.621,madis,subhourly,US
UP025,36.971,-114.635,madis,subhourly,US
UP026,41.859,-90.935,madis,subhourly,US
UP028,40.934,-111.892,madis,subhourly,US
UP030,41.404,-110.576,madis,subhourly,US
UP031,42.832,-112.779,madis,subhourly,US
UP032,43.161,-88.352,madis,subhourly,US
UP033,35.045,-116.078,madis,subhourly,US
UP034,35.254,-115.479,madis,subhourly,US
UP035,41.902,-91.256,madis,subhourly,US
UP037,29.983,-95.393,madis,subhourly,US
UP038,43.699,-89.293,madis,subhourly,US
UP039,38.059,-113.368,madis,subhourly,US
UP040,41.914,-95.543,madis,subhourly,US
UP042,41.276,-96.205,madis,subhourly,US
UP043,40.597,-98.348,madis,subhourly,US
UP044,41.007,-105.256,madis,subhourly,US
UP045,40.581,-87.781,madis,subhourly,US
UP046,39.508,-94.153,madis,subhourly,US
UP047,42.002,-104.005,madis,subhourly,US
UP048,45.695,-121.312,madis,subhourly,US
UP049,41.169,-101.395,madis,subhourly,US
UP050,40.041,-97.025,madis,subhourly,US
UP051,40.802,-98.661,madis,subhourly,US
UP052,36.343,-114.916,madis,subhourly,US
UP053,44.554,-117.426,madis,subhourly,US
UP054,38.978,-95.095,madis,subhourly,US
UP055,42.403,-111.361,madis,subhourly,US
UP056,40.128,-112.352,madis,subhourly,US
UP057,42.203,-104.074,madis,subhourly,US
UP058,40.72,-98.972,madis,subhourly,US
UP059,45.688,-121.702,madis,subhourly,US
UP060,41.831,-89.432,madis,subhourly,US
UP061,38.394,-90.27,madis,subhourly,US
UP062,40.909,-117.928,madis,subhourly,US
UP063,45.714,-120.292,madis,subhourly,US
UP065,44.277,-117.086,madis,subhourly,US
UP066,41.004,-111.472,madis,subhourly,US
UP067,45.67,-118.664,madis,subhourly,US
UP068,41.223,-112.665,madis,subhourly,US
UP069,40.752,-112.065,madis,subhourly,US
UP070,36.292,-115.041,madis,subhourly,US
UP071,34.995,-115.684,madis,subhourly,US
UP074,32.506,-94.868,madis,subhourly,US
UP075,42.491,-104.105,madis,subhourly,US
UP077,41.042,-111.517,madis,subhourly,US
UP078,43.075,-115.65,madis,subhourly,US
UP079,42.605,-111.523,madis,subhourly,US
UP080,40.659,-98.567,madis,subhourly,US
UP081,42.629,-112.14,madis,subhourly,US
UP083,43.458,-116.354,madis,subhourly,US
UP086,41.897,-89.134,madis,subhourly,US
UP087,41.886,-106.163,madis,subhourly,US
UP088,34.37,-92.771,madis,subhourly,US
UP091,39.054,-95.299,madis,subhourly,US
UP093,42.658,-111.737,madis,subhourly,US
UP094,38.774,-112.913,madis,subhourly,US
UP095,42.283,-88.39,madis,subhourly,US
UP096,42.019,-93.313,madis,subhourly,US
UP097,39.237,-95.964,madis,subhourly,US
UP098,41.824,-110.928,madis,subhourly,US
UP099,41.017,-100.361,madis,subhourly,US
UP100,40.894,-98.413,madis,subhourly,US
UP101,41.108,-100.625,madis,subhourly,US
UP102,45.677,-121.277,madis,subhourly,US
UP103,39.614,-96.3,madis,subhourly,US
UP104,45.246,-117.959,madis,subhourly,US
UP105,41.45,-96.598,madis,subhourly,US
UP106,40.275,-112.397,madis,subhourly,US
UP107,42.52,-88.779,madis,subhourly,US
UP108,41.096,-101.864,madis,subhourly,US
UP109,41.72,-95.721,madis,subhourly,US
UP110,45.796,-120.02,madis,subhourly,US
UP111,40.238,-97.361,madis,subhourly,US
UP112,45.541,-122.238,madis,subhourly,US
UP113,45.687,-121.431,madis,subhourly,US
UP114,42.766,-104.458,madis,subhourly,US
UP115,44.086,-90.449,madis,subhourly,US
UP116,30.31,-95.861,madis,subhourly,US
UP118,41.556,-95.937,madis,subhourly,US
UP119,44.124,-94.194,madis,subhourly,US
UP120,42.757,-104.968,madis,subhourly,US
UP121,33.565,-93.859,madis,subhourly,US
UP122,41.825,-90.649,madis,subhourly,US
UP123,45.655,-121.905,madis,subhourly,US
UP124,41.549,-109.32,madis,subhourly,US
UP125,39.155,-96.597,madis,subhourly,US
UP126,44.133,-116.904,madis,subhourly,US
UP128,44.769,-93.587,madis,subhourly,US
UP130,42.147,-111.151,madis,subhourly,US
UP131,40.335,-97.877,madis,subhourly,US
UP132,42.053,-95.209,madis,subhourly,US
UP133,42.036,-94.14,madis,subhourly,US
UP134,36.516,-90.512,madis,subhourly,US
UP135,40.28,-97.615,madis,subhourly,US
UP137,39.289,-112.632,madis,subhourly,US
UP138,40.985,-111.9,madis,subhourly,US
UP139,42.465,-87.898,madis,subhourly,US
UP140,41.006,-98.186,madis,subhourly,US
UP141,41.315,-97.665,madis,subhourly,US
UP143,45.833,-119.771,madis,subhourly,US
UP144,30.705,-91.827,madis,subhourly,US
UP145,42.739,-113.42,madis,subhourly,US
UP146,41.518,-110.334,madis,subhourly,US
UP147,40.559,-112.301,madis,subhourly,US
UP148,45.648,-121.036,madis,subhourly,US
UP150,45.688,-120.765,madis,subhourly,US
UP151,42.908,-114.252,madis,subhourly,US
UP152,41.911,-91.875,madis,subhourly,US
UP153,39.015,-112.781,madis,subhourly,US
UP154,39.49,-112.41,madis,subhourly,US
UP155,40.981,-117.384,madis,subhourly,US
UP156,42.731,-113.106,madis,subhourly,US
UP157,34.632,-92.443,madis,subhourly,US
UP158,41.223,-93.239,madis,subhourly,US
UP159,39.904,-96.845,madis,subhourly,US
UP160,42.926,-115.008,madis,subhourly,US
UP161,30.594,-91.614,madis,subhourly,US
UP162,30.462,-93.38,madis,subhourly,US
UP163,41.222,-96.049,madis,subhourly,US
UP164,41.907,-106.407,madis,subhourly,US
UP165,35.414,-115.26,madis,subhourly,US
UP166,41.177,-104.637,madis,subhourly,US
UP167,35.849,-115.265,madis,subhourly,US
UP168,29.935,-95.203,madis,subhourly,US
UP169,35.246,-91.65,madis,subhourly,US
UP170,41.758,-110.468,madis,subhourly,US
UP171,33.462,-91.447,madis,subhourly,US
UP172,30.541,-91.742,madis,subhourly,US
UP173,41.122,-105.309,madis,subhourly,US
UP174,43.388,-116.149,madis,subhourly,US
UP176,41.151,-111.965,madis,subhourly,US
UP177,39.104,-95.849,madis,subhourly,US
UP178,35.042,-116.396,madis,subhourly,US
UP179,44.854,-117.897,madis,subhourly,US
UP180,42.694,-112.021,madis,subhourly,US
UP181,41.788,-89.768,madis,subhourly,US
UP182,37.518,-114.249,madis,subhourly,US
UP183,35.66,-115.356,madis,subhourly,US
UP184,45.654,-118.949,madis,subhourly,US
UP185,34.572,-92.211,madis,subhourly,US
UP186,41.617,-109.918,madis,subhourly,US
UP187,42.738,-87.877,madis,subhourly,US
UP188,41.896,-88.514,madis,subhourly,US
UP189,37.165,-114.476,madis,subhourly,US
UP190,30.26,-95.456,madis,subhourly,US
UP191,37.576,-114.547,madis,subhourly,US
UP192,42.019,-94.543,madis,subhourly,US
UP193,33.81,-93.372,madis,subhourly,US
UP194,36.746,-114.635,madis,subhourly,US
UP195,42.736,-112.213,madis,subhourly,US
UP197,43.469,-87.863,madis,subhourly,US
UP198,42.852,-113.821,madis,subhourly,US
UP199,41.57,-110.107,madis,subhourly,US
UP201,39.71,-112.213,madis,subhourly,US
UP202,41.648,-110.055,madis,subhourly,US
UP203,41.122,-105.335,madis,subhourly,US
UP204,41.036,-105.154,madis,subhourly,US
UP205,41.774,-103.489,madis,subhourly,US
UP206,41.692,-107.782,madis,subhourly,US
UP207,42.697,-104.217,madis,subhourly,US
UP210,42.508,-87.817,madis,subhourly,US
UP211,45.621,-118.354,madis,subhourly,US
UP212,35.293,-91.49,madis,subhourly,US
UP213,30.542,-91.99,madis,subhourly,US
UP214,41.897,-92.288,madis,subhourly,US
UP215,41.93,-88.856,madis,subhourly,US
UP216,41.801,-90.345,madis,subhourly,US
UP217,40.728,-98.75,madis,subhourly,US
UP218,41.199,-110.856,madis,subhourly,US
UP219,41.122,-102.555,madis,subhourly,US
UP220,45.629,-121.966,madis,subhourly,US
UP221,41.048,-102.134,madis,subhourly,US
UP222,41.781,-110.243,madis,subhourly,US
UP223,33.34,-94.059,madis,subhourly,US
UP224,41.15,-97.946,madis,subhourly,US
UP225,41.134,-101.661,madis,subhourly,US
UP226,41.081,-105.038,madis,subhourly,US
UP227,37.704,-114.077,madis,subhourly,US
UP228,43.759,-116.897,madis,subhourly,US
UP229,41.067,-104.934,madis,subhourly,US
UP230,36.691,-90.455,madis,subhourly,US
UP231,38.267,-113.114,madis,subhourly,US
UP232,40.146,-97.193,madis,subhourly,US
UP233,41.129,-101.62,madis,subhourly,US
UP234,39.954,-112.241,madis,subhourly,US
UP235,40.887,-100.069,madis,subhourly,US
UP236,38.711,-121.485,madis,subhourly,US
UP237,43.276,-115.936,madis,subhourly,US
UP238,42.028,-110.946,madis,subhourly,US
UP239,41.121,-101.37,madis,subhourly,US
UP240,34.967,-116.629,madis,subhourly,US
UP241,42.951,-114.633,madis,subhourly,US
UP242,37.864,-113.759,madis,subhourly,US
UP243,35.171,-90.167,madis,subhourly,US
UP245,42.274,-96.26,madis,subhourly,US
UP246,42.03,-93.04,madis,subhourly,US
UP247,41.254,-105.56,madis,subhourly,US
UP248,39.125,-95.798,madis,subhourly,US
UP249,41.185,-105.597,madis,subhourly,US
UP250,39.085,-95.562,madis,subhourly,US
UP251,41.774,-107.408,madis,subhourly,US
UP252,41.155,-102.794,madis,subhourly,US
UP253,45.713,-119.156,madis,subhourly,US
UP254,42.945,-115.405,madis,subhourly,US
UP255,43.349,-93.207,madis,subhourly,US
UP256,42.161,-87.81,madis,subhourly,US
UP257,41.63,-109.048,madis,subhourly,US
UP259,41.973,-92.628,madis,subhourly,US
UP261,41.234,-103.469,madis,subhourly,US
UP262,41.711,-107.733,madis,subhourly,US
UP263,41.8,-105.986,madis,subhourly,US
UP265,32.184,-107.158,madis,subhourly,US
UP266,39.416,-96.15,madis,subhourly,US
UP267,32.226,-107.322,madis,subhourly,US
UP268,32.259,-107.456,madis,subhourly,US
UP269,32.697,-97.604,madis,subhourly,US
UP270,30.374,-103.613,madis,subhourly,US
UP271,33.05,-97.208,madis,subhourly,US
UP272,29.998,-90.722,madis,subhourly,US
UP273,35.057,-104.354,madis,subhourly,US
UP274,34.408,-96.109,madis,subhourly,US
UP275,39.868,-96.248,madis,subhourly,US
UP276,33.927,-116.846,madis,subhourly,US
UP277,30.92,-96.711,madis,subhourly,US
UP278,28.919,-96.005,madis,subhourly,US
UP279,41.779,-107.05,madis,subhourly,US
UP280,35.973,-90.536,madis,subhourly,US
UP281,32.795,-94.959,madis,subhourly,US
UP282,31.073,-104.347,madis,subhourly,US
UP283,32.585,-93.732,madis,subhourly,US
UP284,32.669,-98.103,madis,subhourly,US
UP285,31.901,-95.414,madis,subhourly,US
UP286,41.192,-103.128,madis,subhourly,US
UP287,41.553,-109.64,madis,subhourly,US
UP291,42.606,-121.858,madis,subhourly,US
UP292,32.387,-99.032,madis,subhourly,US
UP293,31.633,-106.265,madis,subhourly,US
UP294,32.283,-101.37,madis,subhourly,US
UP296,36.271,-102.178,madis,subhourly,US
UP297,34.235,-96.21,madis,subhourly,US
UP298,41.419,-87.636,madis,subhourly,US
UP299,40.394,-122.259,madis,subhourly,US
UP300,34.931,-104.7,madis,subhourly,US
UP301,40.847,-89.654,madis,subhourly,US
UP302,29.281,-98.936,madis,subhourly,US
UP303,34.393,-105.477,madis,subhourly,US
UP304,38.508,-97.208,madis,subhourly,US
UP305,38.834,-96.629,madis,subhourly,US
UP306,40.508,-104.704,madis,subhourly,US
UP307,29.54,-96.155,madis,subhourly,US
UP308,34.261,-105.582,madis,subhourly,US
UP309,30.484,-92.775,madis,subhourly,US
UP310,38.361,-121.347,madis,subhourly,US
UP311,34.996,-91.156,madis,subhourly,US
UP312,31.971,-110.214,madis,subhourly,US
UP313,37.433,-100.048,madis,subhourly,US
UP314,39.081,-108.48,madis,subhourly,US
UP315,32.241,-108.005,madis,subhourly,US
UP316,32.218,-108.179,madis,subhourly,US
UP317,38.385,-97.445,madis,subhourly,US
UP318,38.904,-89.878,madis,subhourly,US
UP319,30.952,-92.597,madis,subhourly,US
UP320,36.626,-101.572,madis,subhourly,US
UP321,28.362,-98.129,madis,subhourly,US
UP322,43.866,-89.676,madis,subhourly,US
UP323,37.61,-99.25,madis,subhourly,US
UP324,38.302,-97.721,madis,subhourly,US
UP326,41.867,-103.736,madis,subhourly,US
UP327,41.608,-108.734,madis,subhourly,US
UP328,29.597,-95.732,madis,subhourly,US
UP329,44.578,-93.891,madis,subhourly,US
UP330,38.622,-97.024,madis,subhourly,US
UP332,37.277,-100.553,madis,subhourly,US
UP333,36.902,-101.146,madis,subhourly,US
UP335,45.17,-122.822,madis,subhourly,US
UP336,34.386,-91.767,madis,subhourly,US
UP337,32.484,-95.17,madis,subhourly,US
UP339,34.898,-92.073,madis,subhourly,US
UP340,29.368,-100.829,madis,subhourly,US
UP341,35.564,-91.356,madis,subhourly,US
UP342,41.442,-96.27,madis,subhourly,US
UP343,39.571,-88.669,madis,subhourly,US
UP344,36.296,-90.639,madis,subhourly,US
UP345,35.381,-93.367,madis,subhourly,US
UP346,32.348,-93.827,madis,subhourly,US
UP347,37.325,-114.507,madis,subhourly,US
UP348,28.793,-96.669,madis,subhourly,US
UP349,38.744,-96.824,madis,subhourly,US
UP350,29.096,-98.487,madis,subhourly,US
UP351,41.323,-110.62,madis,subhourly,US
UP352,37.014,-100.967,madis,subhourly,US
UP353,41.534,-102.695,madis,subhourly,US
UP355,34.987,-104.559,madis,subhourly,US
UP356,41.244,-112.16,madis,subhourly,US
UP357,29.932,-90.368,madis,subhourly,US
UP358,41.453,-102.485,madis,subhourly,US
UP359,31.068,-105.129,madis,subhourly,US
UP360,39.084,-95.905,madis,subhourly,US
UP361,34.003,-117.889,madis,subhourly,US
UP362,41.254,-101.634,madis,subhourly,US
UP363,35.346,-103.41,madis,subhourly,US
UP364,35.235,-103.595,madis,subhourly,US
UP365,42.989,-121.813,madis,subhourly,US
UP366,35.156,-91.767,madis,subhourly,US
UP367,37.331,-100.271,madis,subhourly,US
UP368,31.119,-92.406,madis,subhourly,US
UP369,33.231,-97.105,madis,subhourly,US
UP370,35.975,-91.027,madis,subhourly,US
UP371,37.993,-95.163,madis,subhourly,US
UP372,37.576,-99.514,madis,subhourly,US
UP373,37.762,-89.366,madis,subhourly,US
UP374,34.811,-95.86,madis,subhourly,US
UP375,40.687,-95.866,madis,subhourly,US
UP376,39.554,-107.58,madis,subhourly,US
UP377,35.664,-103.024,madis,subhourly,US
UP378,30.643,-92.75,madis,subhourly,US
UP379,29.57,-98.355,madis,subhourly,US
UP380,36.149,-90.843,madis,subhourly,US
UP381,32.418,-98.761,madis,subhourly,US
UP382,31.927,-92.204,madis,subhourly,US
UP383,36.743,-101.383,madis,subhourly,US
UP384,38.526,-94.945,madis,subhourly,US
UP385,41.371,-102.245,madis,subhourly,US
UP386,32.315,-94.958,madis,subhourly,US
UP387,34.8,-104.914,madis,subhourly,US
UP388,39.063,-96.133,madis,subhourly,US
UP389,38.379,-121.451,madis,subhourly,US
UP390,30.262,-91.219,madis,subhourly,US
UP391,31.873,-106.405,madis,subhourly,US
UP392,37.643,-98.808,madis,subhourly,US
UP393,37.746,-98.592,madis,subhourly,US
UP394,37.963,-98.092,madis,subhourly,US
UP395,32.371,-99.227,madis,subhourly,US
UP396,39.745,-107.018,madis,subhourly,US
UP398,33.946,-92.202,madis,subhourly,US
UP399,35.361,-91.51,madis,subhourly,US
UP400,30.47,-104.348,madis,subhourly,US
UP401,39.905,-95.801,madis,subhourly,US
UP402,41.296,-101.914,madis,subhourly,US
UP403,30.672,-96.483,madis,subhourly,US
UP404,35.472,-103.284,madis,subhourly,US
UP406,29.485,-97.152,madis,subhourly,US
UP407,37.096,-100.814,madis,subhourly,US
UP409,35.097,-104.063,madis,subhourly,US
UP410,38.115,-97.864,madis,subhourly,US
UP411,32.457,-94.798,madis,subhourly,US
UP412,40.66,-122.394,madis,subhourly,US
UP414,33.357,-93.43,madis,subhourly,US
UP415,36.371,-102.008,madis,subhourly,US
UP416,34.575,-91.459,madis,subhourly,US
UP417,41.633,-102.976,madis,subhourly,US
UP418,40.058,-106.309,madis,subhourly,US
UP419,32.146,-96.088,madis,subhourly,US
UP420,35.779,-91.164,madis,subhourly,US
UP421,32.26,-107.855,madis,subhourly,US
UP422,44.833,-122.951,madis,subhourly,US
UP423,37.835,-98.371,madis,subhourly,US
UP424,36.491,-101.804,madis,subhourly,US
UP425,32.456,-99.835,madis,subhourly,US
UP426,34.63,-105.151,madis,subhourly,US
UP427,30.23,-97.776,madis,subhourly,US
UP428,38.977,-96.344,madis,subhourly,US
UP429,30.552,-96.302,madis,subhourly,US
UP430,37.618,-99.063,madis,subhourly,US
UP431,41.877,-88.185,madis,subhourly,US
UP432,39.17,-94.762,madis,subhourly,US
UP433,43.759,-122.512,madis,subhourly,US
UP434,29.905,-97.037,madis,subhourly,US
UP435,32.682,-111.444,madis,subhourly,US
UP436,40.112,-106.886,madis,subhourly,US
UP438,32.539,-98.552,madis,subhourly,US
UP439,41.605,-108.422,madis,subhourly,US
UP440,41.604,-108.421,madis,subhourly,US
UP441,35.149,-103.802,madis,subhourly,US
UP442,33.904,-116.642,madis,subhourly,US
UP443,41.316,-89.692,madis,subhourly,US
UP444,32.412,-99.571,madis,subhourly,US
UP445,27.974,-97.678,madis,subhourly,US
UP446,43.114,-95.896,madis,subhourly,US
UP448,35.253,-90.387,madis,subhourly,US
UP449,28.183,-97.887,madis,subhourly,US
UP450,44.172,-93.241,madis,subhourly,US
UP451,41.69,-96.021,madis,subhourly,US
UP452,39.29,-89.304,madis,subhourly,US
UP453,35.815,-102.827,madis,subhourly,US
UP454,29.339,-99.388,madis,subhourly,US
UP455,48.222,-116.69,madis,subhourly,US
UP456,41.149,-111.956,madis,subhourly,US
UP457,43.834,-93.31,madis,subhourly,US
UP458,35.978,-102.633,madis,subhourly,US
UP460,44.908,-91.836,madis,subhourly,US
UP461,37.745,-89.534,madis,subhourly,US
UP462,32.169,-92.094,madis,subhourly,US
UP463,29.516,-95.097,madis,subhourly,US
UP464,32.513,-100.211,madis,subhourly,US
UP465,41.448,-105.624,madis,subhourly,US
UP466,41.841,-90.035,madis,subhourly,US
UP467,34.822,-91.226,madis,subhourly,US
UP468,37.549,-120.909,madis,subhourly,US
UP469,40.988,-102.364,madis,subhourly,US
UP470,47.345,-122.239,madis,subhourly,US
UP471,41.155,-102.777,madis,subhourly,US
UP472,41.216,-112.492,madis,subhourly,US
UP473,41.224,-112.877,madis,subhourly,US
UP474,42.06,-93.965,madis,subhourly,US
UP477,35.125,-118.392,madis,subhourly,US
UP478,35.101,-118.286,madis,subhourly,US
UP479,35.103,-118.188,madis,subhourly,US
UP480,35.025,-118.165,madis,subhourly,US
UP481,34.471,-120.227,madis,subhourly,US
UP482,35.263,-91.302,madis,subhourly,US
UP483,35.482,-94.201,madis,subhourly,US
UP484,34.315,-91.856,madis,subhourly,US
UP485,34.987,-90.855,madis,subhourly,US
UP486,33.88,-93.234,madis,subhourly,US
UP487,35.242,-92.885,madis,subhourly,US
UP488,33.238,-93.62,madis,subhourly,US
UP489,35.141,-90.137,madis,subhourly,US
UP490,33.649,-92.778,madis,subhourly,US
UP491,35.659,-91.247,madis,subhourly,US
UP492,35.396,-90.754,madis,subhourly,US
UP493,35.029,-92.415,madis,subhourly,US
UP494,34.289,-92.88,madis,subhourly,US
UP495,33.457,-92.829,madis,subhourly,US
UP496,33.695,-93.515,madis,subhourly,US
UP497,34.386,-92.164,madis,subhourly,US
UP498,35.145,-91.077,madis,subhourly,US
UP499,33.967,-91.548,madis,subhourly,US
UP500,34.079,-91.697,madis,subhourly,US
UP501,36.27,-90.283,madis,subhourly,US
UP502,34.061,-93.09,madis,subhourly,US
UP503,33.636,-93.697,madis,subhourly,US
UP504,35.65,-90.709,madis,subhourly,US
UP505,34.497,-92.634,madis,subhourly,US
UP506,33.525,-92.894,madis,subhourly,US
UP507,35.09,-90.4,madis,subhourly,US
UP508,35.428,-93.582,madis,subhourly,US
UP509,35.836,-90.771,madis,subhourly,US
UP510,36.139,-90.419,madis,subhourly,US
UP511,33.386,-93.889,madis,subhourly,US
UP512,33.381,-93.136,madis,subhourly,US
UP513,35.15,-92.599,madis,subhourly,US
UP514,35.248,-91.095,madis,subhourly,US
UP515,34.173,-91.855,madis,subhourly,US
UP516,33.345,-92.683,madis,subhourly,US
UP517,35.666,-90.873,madis,subhourly,US
UP518,35.475,-93.813,madis,subhourly,US
UP519,36.401,-90.178,madis,subhourly,US
UP520,35.05,-90.635,madis,subhourly,US
UP521,34.665,-91.336,madis,subhourly,US
UP522,34.13,-92.089,madis,subhourly,US
UP523,35.288,-93.153,madis,subhourly,US
UP524,33.837,-92.367,madis,subhourly,US
UP525,35.262,-90.657,madis,subhourly,US
UP526,33.355,-93.669,madis,subhourly,US
UP527,34.464,-91.603,madis,subhourly,US
UP528,33.214,-91.52,madis,subhourly,US
UP529,33.765,-92.527,madis,subhourly,US
UP530,35.313,-91.016,madis,subhourly,US
UP531,34.252,-92.051,madis,subhourly,US
UP532,35.033,-91.943,madis,subhourly,US
UP533,34.922,-91.078,madis,subhourly,US
UP534,34.158,-92.99,madis,subhourly,US
UP535,35.513,-90.961,madis,subhourly,US
UP536,33.777,-91.477,madis,subhourly,US
UP537,35.233,-90.89,madis,subhourly,US
UP538,32.091,-110.959,madis,subhourly,US
UP539,31.612,-111.039,madis,subhourly,US
UP540,32.675,-114.523,madis,subhourly,US
UP541,32.973,-112.56,madis,subhourly,US
UP542,32.313,-109.419,madis,subhourly,US
UP543,33.377,-112.62,madis,subhourly,US
UP544,32.117,-109.922,madis,subhourly,US
UP545,31.43,-110.96,madis,subhourly,US
UP546,32.701,-114.322,madis,subhourly,US
UP547,33.079,-112.116,madis,subhourly,US
UP548,33.35,-111.785,madis,subhourly,US
UP549,33.444,-111.991,madis,subhourly,US
UP551,33.434,-112.342,madis,subhourly,US
UP552,32.347,-109.67,madis,subhourly,US
UP553,33.086,-111.499,madis,subhourly,US
UP554,32.012,-110.581,madis,subhourly,US
UP556,31.996,-110.398,madis,subhourly,US
UP557,33.044,-112.317,madis,subhourly,US
UP558,32.72,-113.799,madis,subhourly,US
UP559,33.02,-111.99,madis,subhourly,US
UP560,32.435,-111.177,madis,subhourly,US
UP561,32.88,-113.067,madis,subhourly,US
UP562,33.224,-111.588,madis,subhourly,US
UP563,32.865,-111.511,madis,subhourly,US
UP564,31.852,-110.975,madis,subhourly,US
UP565,32.933,-112.792,madis,subhourly,US
UP566,32.841,-113.307,madis,subhourly,US
UP567,32.796,-113.541,madis,subhourly,US
UP568,32.009,-110.063,madis,subhourly,US
UP569,32.251,-109.147,madis,subhourly,US
UP570,32.674,-114.092,madis,subhourly,US
UP571,32.095,-110.796,madis,subhourly,US
UP572,32.28,-109.812,madis,subhourly,US
UP573,38.218,-121.294,madis,subhourly,US
UP574,39.78,-121.957,madis,subhourly,US
UP575,34.836,-120.572,madis,subhourly,US
UP576,34.56,-120.619,madis,subhourly,US
UP577,37.197,-120.346,madis,subhourly,US
UP578,37.336,-120.583,madis,subhourly,US
UP580,35.325,-118.727,madis,subhourly,US
UP581,34.14,-117.348,madis,subhourly,US
UP582,37.039,-120.153,madis,subhourly,US
UP583,39.447,-121.726,madis,subhourly,US
UP584,41.513,-122.245,madis,subhourly,US
UP585,38.969,-121.013,madis,subhourly,US
UP586,38.958,-121.025,madis,subhourly,US
UP587,35.863,-120.796,madis,subhourly,US
UP588,35.01,-120.579,madis,subhourly,US
UP590,38.035,-121.279,madis,subhourly,US
UP591,39.647,-121.8,madis,subhourly,US
UP592,39.8,-120.207,madis,subhourly,US
UP593,35.323,-120.684,madis,subhourly,US
UP594,37.748,-122.193,madis,subhourly,US
UP595,41.15,-122.309,madis,subhourly,US
UP596,36.701,-121.704,madis,subhourly,US
UP597,38.051,-122.187,madis,subhourly,US
UP598,36.926,-121.548,madis,subhourly,US
UP599,35.118,-115.539,madis,subhourly,US
UP600,35.818,-119.259,madis,subhourly,US
UP601,37.426,-120.769,madis,subhourly,US
UP602,41.931,-121.939,madis,subhourly,US
UP603,39.966,-120.078,madis,subhourly,US
UP605,35.353,-118.893,madis,subhourly,US
UP606,34.092,-118.077,madis,subhourly,US
UP607,39.293,-120.675,madis,subhourly,US
UP612,33.411,-115.816,madis,subhourly,US
UP613,39.413,-120.025,madis,subhourly,US
UP614,33.372,-115.677,madis,subhourly,US
UP616,39.197,-120.832,madis,subhourly,US
UP617,36.853,-119.948,madis,subhourly,US
UP618,34.391,-117.408,madis,subhourly,US
UP619,34.439,-119.76,madis,subhourly,US
UP620,34.031,-118.011,madis,subhourly,US
UP621,38.192,-122.069,madis,subhourly,US
UP622,34.257,-117.47,madis,subhourly,US
UP623,36.281,-121.15,madis,subhourly,US
UP624,39.538,-121.573,madis,subhourly,US
UP625,34.361,-119.446,madis,subhourly,US
UP626,37.282,-121.839,madis,subhourly,US
UP627,40.874,-122.39,madis,subhourly,US
UP628,38.893,-121.293,madis,subhourly,US
UP629,34.039,-117.221,madis,subhourly,US
UP630,39.976,-122.077,madis,subhourly,US
UP631,39.152,-120.893,madis,subhourly,US
UP632,36.657,-119.711,madis,subhourly,US
UP633,33.545,-116.039,madis,subhourly,US
UP634,36.463,-121.386,madis,subhourly,US
UP635,37.134,-121.655,madis,subhourly,US
UP636,41.252,-122.27,madis,subhourly,US
UP637,41.744,-121.999,madis,subhourly,US
UP638,33.739,-116.252,madis,subhourly,US
UP639,37.543,-122.054,madis,subhourly,US
UP640,33.222,-115.466,madis,subhourly,US
UP641,37.555,-121.958,madis,subhourly,US
UP642,37.855,-121.275,madis,subhourly,US
UP644,35.424,-119.065,madis,subhourly,US
UP645,34.06,-117.648,madis,subhourly,US
UP646,39.09,-121.538,madis,subhourly,US
UP647,34.223,-119.177,madis,subhourly,US
UP648,35.653,-120.694,madis,subhourly,US
UP649,41.65,-122.113,madis,subhourly,US
UP650,34.479,-117.572,madis,subhourly,US
UP651,38.396,-121.869,madis,subhourly,US
UP652,35.955,-119.291,madis,subhourly,US
UP653,38.652,-121.391,madis,subhourly,US
UP654,34.604,-118.121,madis,subhourly,US
UP655,38.511,-121.402,madis,subhourly,US
UP656,39.984,-120.906,madis,subhourly,US
UP657,37.67,-121.863,madis,subhourly,US
UP659,38.805,-121.219,madis,subhourly,US
UP660,38.815,-121.226,madis,subhourly,US
UP661,40.208,-122.253,madis,subhourly,US
UP663,33.85,-116.464,madis,subhourly,US
UP664,37.75,-121.139,madis,subhourly,US
UP665,34.833,-118.158,madis,subhourly,US
UP666,34.459,-120.358,madis,subhourly,US
UP667,37.965,-122.359,madis,subhourly,US
UP668,35.458,-120.626,madis,subhourly,US
UP669,41.364,-122.385,madis,subhourly,US
UP670,41.048,-122.381,madis,subhourly,US
UP671,35.571,-119.201,madis,subhourly,US
UP672,36.071,-120.936,madis,subhourly,US
UP673,36.525,-119.566,madis,subhourly,US
UP674,36.592,-121.543,madis,subhourly,US
UP675,42.002,-121.894,madis,subhourly,US
UP676,39.261,-121.657,madis,subhourly,US
UP677,38.556,-121.683,madis,subhourly,US
UP679,39.235,-121.578,madis,subhourly,US
UP680,37.634,-122.063,madis,subhourly,US
UP681,34.277,-118.926,madis,subhourly,US
UP682,35.176,-120.62,madis,subhourly,US
UP683,36.404,-119.456,madis,subhourly,US
UP684,38.898,-121.52,madis,subhourly,US
UP685,39.307,-120.455,madis,subhourly,US
UP686,39.318,-120.219,madis,subhourly,US
UP687,36.16,-119.338,madis,subhourly,US
UP688,34.064,-117.537,madis,subhourly,US
UP689,34.529,-117.834,madis,subhourly,US
UP690,38.166,-121.386,madis,subhourly,US
UP691,35.23,-118.565,madis,subhourly,US
UP692,36.865,-121.75,madis,subhourly,US
UP693,39.464,-103.945,madis,subhourly,US
UP694,38.846,-102.129,madis,subhourly,US
UP695,38.852,-103.126,madis,subhourly,US
UP696,39.974,-106.521,madis,subhourly,US
UP697,39.757,-104.467,madis,subhourly,US
UP703,38.223,-104.204,madis,subhourly,US
UP704,38.822,-108.341,madis,subhourly,US
UP705,39.682,-104.118,madis,subhourly,US
UP706,39.145,-108.318,madis,subhourly,US
UP707,39.561,-107.407,madis,subhourly,US
UP708,39.875,-105.279,madis,subhourly,US
UP709,39.852,-105.255,madis,subhourly,US
UP710,39.921,-105.463,madis,subhourly,US
UP711,39.024,-103.346,madis,subhourly,US
UP712,38.876,-107.585,madis,subhourly,US
UP713,39.337,-104.87,madis,subhourly,US
UP714,40.487,-107.153,madis,subhourly,US
UP715,39.302,-108.246,madis,subhourly,US
UP716,39.909,-106.786,madis,subhourly,US
UP717,40.52,-107.4,madis,subhourly,US
UP718,40.772,-104.807,madis,subhourly,US
UP719,39.632,-107.097,madis,subhourly,US
UP720,40.463,-107.617,madis,subhourly,US
UP721,38.432,-105.183,madis,subhourly,US
UP722,39.968,-105.825,madis,subhourly,US
UP723,38.812,-102.462,madis,subhourly,US
UP724,40.108,-106.004,madis,subhourly,US
UP725,40.353,-106.915,madis,subhourly,US
UP726,38.361,-104.956,madis,subhourly,US
UP727,39.958,-104.831,madis,subhourly,US
UP729,38.762,-102.806,madis,subhourly,US
UP730,39.524,-107.832,madis,subhourly,US
UP731,39.241,-103.64,madis,subhourly,US
UP732,39.21,-108.841,madis,subhourly,US
UP733,40.254,-104.808,madis,subhourly,US
UP734,39.031,-108.537,madis,subhourly,US
UP736,39.879,-105.284,madis,subhourly,US
UP737,38.775,-107.771,madis,subhourly,US
UP738,39.111,-108.647,madis,subhourly,US
UP739,38.747,-108.119,madis,subhourly,US
UP740,39.157,-108.988,madis,subhourly,US
UP741,39.164,-104.867,madis,subhourly,US
UP742,40.501,-106.914,madis,subhourly,US
UP743,39.42,-108.08,madis,subhourly,US
UP744,39.99,-106.712,madis,subhourly,US
UP745,38.521,-104.627,madis,subhourly,US
UP746,39.868,-106.64,madis,subhourly,US
UP747,42.585,-93.244,madis,subhourly,US
UP748,41.477,-93.434,madis,subhourly,US
UP749,42.894,-96.09,madis,subhourly,US
UP750,41.011,-93.301,madis,subhourly,US
UP751,40.763,-93.323,madis,subhourly,US
UP752,41.794,-93.526,madis,subhourly,US
UP753,42.244,-93.395,madis,subhourly,US
UP754,41.993,-93.487,madis,subhourly,US
UP755,41.477,-95.883,madis,subhourly,US
UP756,41.979,-96.088,madis,subhourly,US
UP757,42.037,-93.68,madis,subhourly,US
UP758,43.474,-93.635,madis,subhourly,US
UP759,42.847,-93.232,madis,subhourly,US
UP760,43.413,-95.751,madis,subhourly,US
UP761,48.041,-116.815,madis,subhourly,US
UP762,47.785,-116.853,madis,subhourly,US
UP763,43.09,-112.421,madis,subhourly,US
UP764,48.821,-116.16,madis,subhourly,US
UP765,48.358,-116.492,madis,subhourly,US
UP766,43.363,-112.137,madis,subhourly,US
UP767,48.571,-116.392,madis,subhourly,US
UP768,42.36,-112.051,madis,subhourly,US
UP769,38.917,-90.15,madis,subhourly,US
UP770,40.245,-89.257,madis,subhourly,US
UP771,39.565,-89.75,madis,subhourly,US
UP772,38.244,-88.901,madis,subhourly,US
UP773,39.925,-88.113,madis,subhourly,US
UP775,39.74,-88.402,madis,subhourly,US
UP776,37.815,-89.243,madis,subhourly,US
UP777,38.058,-88.904,madis,subhourly,US
UP778,41.081,-89.631,madis,subhourly,US
UP779,39.317,-88.741,madis,subhourly,US
UP780,39.44,-88.977,madis,subhourly,US
UP781,41.43,-88.103,madis,subhourly,US
UP782,39.059,-88.758,madis,subhourly,US
UP783,40.392,-89.08,madis,subhourly,US
UP784,37.27,-89.438,madis,subhourly,US
UP785,39.397,-89.808,madis,subhourly,US
UP786,37.561,-88.969,madis,subhourly,US
UP787,41.236,-87.645,madis,subhourly,US
UP788,39.72,-89.68,madis,subhourly,US
UP789,38.074,-90.09,madis,subhourly,US
UP790,38.222,-90.28,madis,subhourly,US
UP791,41.207,-88.284,madis,subhourly,US
UP792,38.096,-89.317,madis,subhourly,US
UP793,38.731,-90.126,madis,subhourly,US
UP794,38.732,-90.124,madis,subhourly,US
UP795,39.39,-89.789,madis,subhourly,US
UP796,41.561,-89.651,madis,subhourly,US
UP797,40.819,-88.675,madis,subhourly,US
UP798,41.02,-88.509,madis,subhourly,US
UP799,40.994,-87.714,madis,subhourly,US
UP801,39.212,-89.957,madis,subhourly,US
UP802,39.911,-89.587,madis,subhourly,US
UP803,40.417,-87.855,madis,subhourly,US
UP804,37.953,-89.896,madis,subhourly,US
UP805,37.841,-89.704,madis,subhourly,US
UP806,40.157,-87.991,madis,subhourly,US
UP807,39.455,-88.797,madis,subhourly,US
UP808,39.103,-90.064,madis,subhourly,US
UP809,37.599,-89.462,madis,subhourly,US
UP810,38.008,-89.671,madis,subhourly,US
UP811,38.84,-88.854,madis,subhourly,US
UP812,40.055,-89.677,madis,subhourly,US
UP813,40.593,-88.855,madis,subhourly,US
UP814,39.061,-89.589,madis,subhourly,US
UP815,37.438,-89.393,madis,subhourly,US
UP816,37.861,-88.928,madis,subhourly,US
UP817,40.8,-87.739,madis,subhourly,US
UP818,37.906,-89.054,madis,subhourly,US
UP819,38.813,-97.724,madis,subhourly,US
UP820,38.419,-94.957,madis,subhourly,US
UP821,39.217,-96.179,madis,subhourly,US
UP822,38.219,-95.371,madis,subhourly,US
UP823,38.867,-98.744,madis,subhourly,US
UP824,38.986,-96.935,madis,subhourly,US
UP825,37.09,-95.114,madis,subhourly,US
UP826,39.495,-95.074,madis,subhourly,US
UP827,37.085,-95.747,madis,subhourly,US
UP828,39.712,-95.438,madis,subhourly,US
UP829,38.39,-95.116,madis,subhourly,US
UP830,39.124,-100.569,madis,subhourly,US
UP831,37.563,-95.686,madis,subhourly,US
UP832,39.826,-95.548,madis,subhourly,US
UP833,38.907,-97.283,madis,subhourly,US
UP834,37.815,-97.262,madis,subhourly,US
UP835,37.512,-99.812,madis,subhourly,US
UP836,38.159,-95.078,madis,subhourly,US
UP837,38.048,-95.638,madis,subhourly,US
UP838,39.573,-95.287,madis,subhourly,US
UP839,39.299,-94.903,madis,subhourly,US
UP840,39.004,-101.395,madis,subhourly,US
UP841,39.104,-101.036,madis,subhourly,US
UP842,38.612,-94.849,madis,subhourly,US
UP843,37.486,-95.242,madis,subhourly,US
UP844,37.535,-97.359,madis,subhourly,US
UP845,37.176,-97.506,madis,subhourly,US
UP846,39.06,-100.198,madis,subhourly,US
UP847,37.716,-95.7,madis,subhourly,US
UP848,37.736,-95.145,madis,subhourly,US
UP849,38.752,-94.666,madis,subhourly,US
UP850,37.37,-95.697,madis,subhourly,US
UP851,38.73,-98.042,madis,subhourly,US
UP852,39.002,-99.799,madis,subhourly,US
UP853,38.865,-99.086,madis,subhourly,US
UP854,38.81,-98.41,madis,subhourly,US
UP855,39.749,-96.455,madis,subhourly,US
UP856,38.905,-99.41,madis,subhourly,US
UP857,33.019,-93.675,madis,subhourly,US
UP858,33.006,-91.624,madis,subhourly,US
UP859,30.484,-92.608,madis,subhourly,US
UP860,30.885,-92.128,madis,subhourly,US
UP861,31.701,-93.054,madis,subhourly,US
UP862,30.994,-92.257,madis,subhourly,US
UP863,32.64,-91.901,madis,subhourly,US
UP864,30.238,-93.068,madis,subhourly,US
UP865,32.238,-93.497,madis,subhourly,US
UP866,30.057,-90.932,madis,subhourly,US
UP867,30.019,-90.547,madis,subhourly,US
UP868,32.389,-92.113,madis,subhourly,US
UP869,30.511,-93.217,madis,subhourly,US
UP870,32.834,-91.774,madis,subhourly,US
UP871,32.061,-92.1,madis,subhourly,US
UP873,32.52,-92.044,madis,subhourly,US
UP874,30.499,-92.899,madis,subhourly,US
UP875,30.518,-92.202,madis,subhourly,US
UP876,31.953,-93.338,madis,subhourly,US
UP877,32.148,-93.927,madis,subhourly,US
UP878,30.14,-91.089,madis,subhourly,US
UP879,32.86,-93.698,madis,subhourly,US
UP880,30.501,-92.397,madis,subhourly,US
UP881,30.519,-93.057,madis,subhourly,US
UP882,31.46,-92.772,madis,subhourly,US
UP883,30.754,-92.006,madis,subhourly,US
UP884,31.463,-92.423,madis,subhourly,US
UP885,30.238,-93.371,madis,subhourly,US
UP886,31.82,-92.331,madis,subhourly,US
UP887,31.657,-92.39,madis,subhourly,US
UP888,30.188,-93.588,madis,subhourly,US
UP889,30.33,-92.937,madis,subhourly,US
UP890,43.561,-93.273,madis,subhourly,US
UP891,43.814,-95.268,madis,subhourly,US
UP892,43.941,-94.907,madis,subhourly,US
UP893,44.773,-93.06,madis,subhourly,US
UP894,43.645,-95.553,madis,subhourly,US
UP895,38.549,-92.081,madis,subhourly,US
UP896,36.869,-89.853,madis,subhourly,US
UP897,38.942,-94.567,madis,subhourly,US
UP898,38.64,-91.277,madis,subhourly,US
UP899,36.739,-89.965,madis,subhourly,US
UP900,38.953,-92.959,madis,subhourly,US
UP901,39.194,-93.295,madis,subhourly,US
UP902,38.978,-92.753,madis,subhourly,US
UP903,38.617,-91.912,madis,subhourly,US
UP904,39.137,-94.173,madis,subhourly,US
UP905,38.677,-91.689,madis,subhourly,US
UP906,38.658,-92.662,madis,subhourly,US
UP907,38.617,-92.39,madis,subhourly,US
UP908,39.967,-93.739,madis,subhourly,US
UP909,36.792,-90.024,madis,subhourly,US
UP910,39.208,-93.702,madis,subhourly,US
UP911,39.163,-94.328,madis,subhourly,US
UP912,38.503,-90.641,madis,subhourly,US
UP913,38.693,-91.495,madis,subhourly,US
UP914,37.482,-90.69,madis,subhourly,US
UP915,38.508,-90.84,madis,subhourly,US
UP916,38.415,-90.318,madis,subhourly,US
UP917,38.722,-93.936,madis,subhourly,US
UP918,36.772,-90.257,madis,subhourly,US
UP920,38.773,-93.605,madis,subhourly,US
UP921,38.99,-94.413,madis,subhourly,US
UP922,36.523,-90.022,madis,subhourly,US
UP923,38.691,-92.366,madis,subhourly,US
UP924,37.901,-90.706,madis,subhourly,US
UP925,39.087,-93.144,madis,subhourly,US
UP926,39.192,-93.883,madis,subhourly,US
UP927,38.681,-92.904,madis,subhourly,US
UP928,38.949,-92.576,madis,subhourly,US
UP929,37.108,-89.769,madis,subhourly,US
UP930,38.817,-94.298,madis,subhourly,US
UP931,37.213,-89.58,madis,subhourly,US
UP932,38.716,-93.254,madis,subhourly,US
UP933,40.135,-93.616,madis,subhourly,US
UP934,39.22,-93.482,madis,subhourly,US
UP935,36.979,-90.59,madis,subhourly,US
UP936,38.544,-90.975,madis,subhourly,US
UP938,41.074,-102.021,madis,subhourly,US
UP939,41.418,-97.426,madis,subhourly,US
UP940,40.06,-95.612,madis,subhourly,US
UP941,40.277,-95.823,madis,subhourly,US
UP942,40.478,-95.865,madis,subhourly,US
UP943,41.089,-95.915,madis,subhourly,US
UP944,41.361,-96.412,madis,subhourly,US
UP945,40.885,-95.931,madis,subhourly,US
UP947,41.161,-101.075,madis,subhourly,US
UP948,41.446,-97.108,madis,subhourly,US
UP949,41.16,-101.078,madis,subhourly,US
UP950,32.095,-106.99,madis,subhourly,US
UP951,33.883,-105.82,madis,subhourly,US
UP952,32.288,-107.634,madis,subhourly,US
UP953,34.063,-105.649,madis,subhourly,US
UP954,32.684,-105.997,madis,subhourly,US
UP955,32.51,-106.032,madis,subhourly,US
UP956,32.003,-106.853,madis,subhourly,US
UP957,31.799,-106.595,madis,subhourly,US
UP958,32.286,-108.872,madis,subhourly,US
UP959,32.146,-106.232,madis,subhourly,US
UP960,32.866,-105.966,madis,subhourly,US
UP961,32.325,-106.117,madis,subhourly,US
UP962,33.535,-106.02,madis,subhourly,US
UP963,33.24,-106.061,madis,subhourly,US
UP964,33.718,-105.839,madis,subhourly,US
UP965,32.228,-108.464,madis,subhourly,US
UP966,33.053,-106.028,madis,subhourly,US
UP967,32.334,-108.646,madis,subhourly,US
UP968,34.517,-105.355,madis,subhourly,US
UP969,41.131,-115.118,madis,subhourly,US
UP970,40.335,-118.322,madis,subhourly,US
UP971,39.593,-119.116,madis,subhourly,US
UP972,40.572,-116.407,madis,subhourly,US
UP973,40.622,-119.414,madis,subhourly,US
UP974,40.79,-119.071,madis,subhourly,US
UP975,40.874,-118.731,madis,subhourly,US
UP976,40.328,-119.682,madis,subhourly,US
UP977,40.195,-119.846,madis,subhourly,US
UP978,40.934,-118.25,madis,subhourly,US
UP979,40.963,-117.42,madis,subhourly,US
UP980,40.088,-118.6,madis,subhourly,US
UP981,40.61,-118.246,madis,subhourly,US
UP982,40.804,-115.806,madis,subhourly,US
UP983,40.676,-118.097,madis,subhourly,US
UP984,40.902,-117.233,madis,subhourly,US
UP985,40.216,-118.439,madis,subhourly,US
UP986,39.637,-118.91,madis,subhourly,US
UP987,40.778,-118.024,madis,subhourly,US
UP988,41.279,-114.16,madis,subhourly,US
UP989,41.166,-114.274,madis,subhourly,US
UP990,41.15,-114.754,madis,subhourly,US
UP991,40.674,-116.692,madis,subhourly,US
UP992,40.704,-117.013,madis,subhourly,US
UP993,39.952,-118.691,madis,subhourly,US
UP994,40.726,-114.093,madis,subhourly,US
UP995,40.914,-115.689,madis,subhourly,US
UP996,40.659,-116.159,madis,subhourly,US
UP997,39.777,-118.772,madis,subhourly,US
UP998,41.006,-115.414,madis,subhourly,US
UP999,40.532,-119.614,madis,subhourly,US
UPAG1,32.413,-84.82,madis,subhourly,US
UPAO1,40.031,-83.051,madis,subhourly,US
UPBA3,31.635,-110.425,madis,subhourly,US
UPHA2,61.115,-149.72,madis,subhourly,US
UPIK2,38.517,-83.515,madis,subhourly,US
UPOC1,34.467,-119.606,madis,subhourly,US
UPP ,20.267,-155.867,isd,hourly,US
UPPA2,61.191,-145.648,madis,subhourly,US
UPRA2,64.517,-143.202,madis,subhourly,US
UPRU1,39.468,-109.286,madis,subhourly,US
UPSC1,33.846,-116.724,madis,subhourly,US
UPTC2,38.991,-106.754,madis,subhourly,US
UPTW2,38.817,-79.277,madis,subhourly,US
UPWW1,47.287,-120.37,madis,subhourly,US
UPYC1,37.87,-122.53,madis,subhourly,US
UQCC2,38.944,-104.933,madis,subhourly,US
UR001,40.918,-117.802,madis,subhourly,US
UR002,40.903,-114.898,madis,subhourly,US
UR003,40.744,-116.948,madis,subhourly,US
UR004,40.482,-118.297,madis,subhourly,US
UR005,40.893,-114.398,madis,subhourly,US
UR006,39.595,-119.35,madis,subhourly,US
UR007,41.023,-117.577,madis,subhourly,US
UR008,39.51,-119.658,madis,subhourly,US
UR009,40.773,-115.903,madis,subhourly,US
UR010,41.12,-114.409,madis,subhourly,US
UR011,41.142,-114.44,madis,subhourly,US
UR012,40.638,-116.495,madis,subhourly,US
UR013,40.646,-116.159,madis,subhourly,US
UR014,39.512,-119.859,madis,subhourly,US
UR015,35.814,-97.938,madis,subhourly,US
UR016,36.538,-95.224,madis,subhourly,US
UR017,36.808,-95.076,madis,subhourly,US
UR018,35.625,-95.184,madis,subhourly,US
UR019,34.082,-96.307,madis,subhourly,US
UR020,35.216,-95.613,madis,subhourly,US
UR021,36.365,-95.646,madis,subhourly,US
UR022,36.656,-95.645,madis,subhourly,US
UR023,33.852,-96.501,madis,subhourly,US
UR024,34.364,-97.961,madis,subhourly,US
UR025,35.406,-95.553,madis,subhourly,US
UR026,34.648,-95.943,madis,subhourly,US
UR027,36.047,-95.435,madis,subhourly,US
UR028,36.089,-97.904,madis,subhourly,US
UR029,35.478,-97.95,madis,subhourly,US
UR030,35.987,-95.382,madis,subhourly,US
UR031,36.901,-95.637,madis,subhourly,US
UR032,34.597,-97.953,madis,subhourly,US
UR033,35.04,-95.712,madis,subhourly,US
UR034,35.698,-95.397,madis,subhourly,US
UR035,35.415,-94.549,madis,subhourly,US
UR036,35.842,-95.307,madis,subhourly,US
UR037,36.671,-97.802,madis,subhourly,US
UR038,35.159,-97.949,madis,subhourly,US
UR039,36.268,-95.333,madis,subhourly,US
UR040,36.943,-97.641,madis,subhourly,US
UR041,34.873,-97.945,madis,subhourly,US
UR042,35.473,-94.919,madis,subhourly,US
UR043,34.081,-97.975,madis,subhourly,US
UR044,43.606,-122.112,madis,subhourly,US
UR045,44.333,-123.108,madis,subhourly,US
UR046,42.396,-121.822,madis,subhourly,US
UR047,45.028,-122.978,madis,subhourly,US
UR048,43.187,-121.779,madis,subhourly,US
UR049,43.686,-122.302,madis,subhourly,US
UR050,45.945,-119.069,madis,subhourly,US
UR051,42.77,-121.833,madis,subhourly,US
UR052,42.154,-121.803,madis,subhourly,US
UR053,44.708,-123.037,madis,subhourly,US
UR055,44.031,-122.934,madis,subhourly,US
UR056,45.058,-117.892,madis,subhourly,US
UR060,44.149,-123.183,madis,subhourly,US
UR061,43.42,-121.89,madis,subhourly,US
UR062,29.027,-95.786,madis,subhourly,US
UR063,30.319,-103.787,madis,subhourly,US
UR064,32.348,-97.211,madis,subhourly,US
UR065,29.335,-100.614,madis,subhourly,US
UR067,31.37,-95.476,madis,subhourly,US
UR068,29.114,-95.491,madis,subhourly,US
UR069,32.02,-96.446,madis,subhourly,US
UR070,31.728,-94.582,madis,subhourly,US
UR071,30.345,-104.129,madis,subhourly,US
UR072,31.78,-102.491,madis,subhourly,US
UR073,31.162,-105.308,madis,subhourly,US
UR074,26.881,-97.789,madis,subhourly,US
UR075,28.281,-99.284,madis,subhourly,US
UR076,30.392,-97.371,madis,subhourly,US
UR077,33.359,-96.966,madis,subhourly,US
UR078,29.99,-94.963,madis,subhourly,US
UR079,32.605,-97.186,madis,subhourly,US
UR080,33.035,-94.187,madis,subhourly,US
UR081,28.866,-96.267,madis,subhourly,US
UR082,31.939,-102.183,madis,subhourly,US
UR083,32.729,-97.189,madis,subhourly,US
UR084,32.38,-96.763,madis,subhourly,US
UR085,33.12,-97.654,madis,subhourly,US
UR086,29.591,-98.384,madis,subhourly,US
UR087,32.309,-95.597,madis,subhourly,US
UR088,29.359,-95.216,madis,subhourly,US
UR089,30.706,-96.4,madis,subhourly,US
UR090,30.13,-97.34,madis,subhourly,US
UR091,29.753,-95.293,madis,subhourly,US
UR092,31.248,-94.766,madis,subhourly,US
UR093,30.555,-96.654,madis,subhourly,US
UR094,29.827,-96.276,madis,subhourly,US
UR095,30.036,-94.093,madis,subhourly,US
UR096,36.148,-102.386,madis,subhourly,US
UR097,30.058,-94.262,madis,subhourly,US
UR098,32.066,-101.938,madis,subhourly,US
UR099,33.404,-97.82,madis,subhourly,US
UR100,27.978,-99.375,madis,subhourly,US
UR101,27.815,-99.416,madis,subhourly,US
UR102,30.411,-95.049,madis,subhourly,US
UR103,32.388,-100.823,madis,subhourly,US
UR104,33.574,-96.913,madis,subhourly,US
UR105,26.31,-97.775,madis,subhourly,US
UR106,30.103,-94.028,madis,subhourly,US
UR107,27.875,-97.623,madis,subhourly,US
UR108,31.01,-94.826,madis,subhourly,US
UR109,29.138,-97.278,madis,subhourly,US
UR110,29.994,-95.759,madis,subhourly,US
UR111,30.942,-104.929,madis,subhourly,US
UR112,32.633,-95.368,madis,subhourly,US
UR113,29.711,-95.122,madis,subhourly,US
UR114,28.67,-99.169,madis,subhourly,US
UR115,30.428,-96.762,madis,subhourly,US
UR116,30.267,-96.886,madis,subhourly,US
UR117,27.702,-97.732,madis,subhourly,US
UR119,32.702,-95.933,madis,subhourly,US
UR120,32.503,-97.316,madis,subhourly,US
UR121,28.805,-100.454,madis,subhourly,US
UR122,31.653,-95.618,madis,subhourly,US
UR123,31.691,-97.097,madis,subhourly,US
UR124,30.168,-102.479,madis,subhourly,US
UR125,31.052,-96.43,madis,subhourly,US
UR126,29.772,-95.402,madis,subhourly,US
UR127,33.407,-94.084,madis,subhourly,US
UR128,31.504,-106.158,madis,subhourly,US
UR129,29.834,-95.207,madis,subhourly,US
UR130,30.099,-102.297,madis,subhourly,US
UR131,29.53,-101.103,madis,subhourly,US
UR132,30.024,-94.512,madis,subhourly,US
UR133,29.762,-97.106,madis,subhourly,US
UR134,30.102,-93.742,madis,subhourly,US
UR135,28.473,-99.229,madis,subhourly,US
UR136,32.419,-96.665,madis,subhourly,US
UR137,30.755,-96.764,madis,subhourly,US
UR138,30.614,-94.949,madis,subhourly,US
UR139,30.103,-96.969,madis,subhourly,US
UR140,32.564,-95.03,madis,subhourly,US
UR141,29.696,-96.697,madis,subhourly,US
UR142,29.763,-98.079,madis,subhourly,US
UR143,32.545,-98.345,madis,subhourly,US
UR144,31.186,-103.973,madis,subhourly,US
UR145,30.115,-94.353,madis,subhourly,US
UR146,32.506,-94.635,madis,subhourly,US
UR147,30.671,-97.441,madis,subhourly,US
UR148,32.672,-95.668,madis,subhourly,US
UR149,28.74,-96.905,madis,subhourly,US
UR150,33.708,-96.759,madis,subhourly,US
UR151,30.15,-94.723,madis,subhourly,US
UR152,29.668,-97.466,madis,subhourly,US
UR153,30.117,-102.982,madis,subhourly,US
UR154,30.906,-96.597,madis,subhourly,US
UR155,30.221,-96.073,madis,subhourly,US
UR156,31.468,-97.196,madis,subhourly,US
UR157,32.103,-96.387,madis,subhourly,US
UR158,32.072,-97.125,madis,subhourly,US
UR159,30.929,-97.361,madis,subhourly,US
UR160,29.349,-99.124,madis,subhourly,US
UR161,30.048,-95.021,madis,subhourly,US
UR162,30.133,-94.537,madis,subhourly,US
UR163,29.937,-95.289,madis,subhourly,US
UR164,32.352,-101.017,madis,subhourly,US
UR165,30.411,-97.729,madis,subhourly,US
UR166,32.312,-95.398,madis,subhourly,US
UR167,31.301,-105.845,madis,subhourly,US
UR168,32.818,-94.312,madis,subhourly,US
UR169,31.972,-95.229,madis,subhourly,US
UR170,31.966,-94.042,madis,subhourly,US
UR171,32.497,-94.109,madis,subhourly,US
UR172,32.752,-96.944,madis,subhourly,US
UR173,31.517,-95.947,madis,subhourly,US
UR174,28.712,-96.793,madis,subhourly,US
UR175,30.11,-94.858,madis,subhourly,US
UR176,29.655,-97.751,madis,subhourly,US
UR177,29.611,-97.91,madis,subhourly,US
UR178,29.285,-99.676,madis,subhourly,US
UR179,30.029,-97.867,madis,subhourly,US
UR180,29.914,-96.922,madis,subhourly,US
UR181,30.214,-103.323,madis,subhourly,US
UR182,29.886,-97.74,madis,subhourly,US
UR184,30.791,-104.74,madis,subhourly,US
UR185,28.844,-96.512,madis,subhourly,US
UR186,26.188,-97.542,madis,subhourly,US
UR187,30.767,-94.91,madis,subhourly,US
UR188,31.153,-95.46,madis,subhourly,US
UR189,29.257,-95.318,madis,subhourly,US
UR190,29.237,-98.791,madis,subhourly,US
UR191,31.159,-105.321,madis,subhourly,US
UR192,30.286,-103.917,madis,subhourly,US
UR193,32.767,-96.59,madis,subhourly,US
UR194,31.119,-96.816,madis,subhourly,US
UR195,31.287,-96.23,madis,subhourly,US
UR196,32.616,-94.355,madis,subhourly,US
UR197,33.313,-94.441,madis,subhourly,US
UR198,28.86,-98.349,madis,subhourly,US
UR199,29.328,-98.713,madis,subhourly,US
UR200,28.558,-97.007,madis,subhourly,US
UR202,29.897,-95.595,madis,subhourly,US
UR203,31.663,-102.727,madis,subhourly,US
UR204,31.594,-96.494,madis,subhourly,US
UR205,32.456,-96.942,madis,subhourly,US
UR207,32.55,-97.068,madis,subhourly,US
UR209,32.173,-101.67,madis,subhourly,US
UR210,29.629,-97.141,madis,subhourly,US
UR211,33.106,-94.97,madis,subhourly,US
UR212,30.765,-96.584,madis,subhourly,US
UR213,32.256,-95.814,madis,subhourly,US
UR214,33.231,-94.628,madis,subhourly,US
UR215,31.541,-94.661,madis,subhourly,US
UR216,29.7,-98.125,madis,subhourly,US
UR217,29.586,-98.087,madis,subhourly,US
UR218,30.432,-96.12,madis,subhourly,US
UR219,30.599,-95.479,madis,subhourly,US
UR220,29.232,-100.22,madis,subhourly,US
UR221,33.184,-94.851,madis,subhourly,US
UR222,31.439,-103.46,madis,subhourly,US
UR223,30.736,-95.402,madis,subhourly,US
UR224,32.783,-97.895,madis,subhourly,US
UR225,31.394,-94.702,madis,subhourly,US
UR226,31.504,-103.227,madis,subhourly,US
UR227,33.189,-94.147,madis,subhourly,US
UR228,32.511,-94.453,madis,subhourly,US
UR229,30.825,-96.612,madis,subhourly,US
UR230,29.66,-96.412,madis,subhourly,US
UR231,30.041,-94.659,madis,subhourly,US
UR232,33.358,-94.256,madis,subhourly,US
UR233,29.96,-97.445,madis,subhourly,US
UR234,28.347,-97.234,madis,subhourly,US
UR235,27.451,-97.86,madis,subhourly,US
UR236,32.284,-96.542,madis,subhourly,US
UR237,30.651,-97.008,madis,subhourly,US
UR238,32.455,-100.489,madis,subhourly,US
UR239,29.549,-95.915,madis,subhourly,US
UR240,30.115,-102.728,madis,subhourly,US
UR241,26.083,-97.582,madis,subhourly,US
UR242,32.895,-97.394,madis,subhourly,US
UR243,31.589,-95.517,madis,subhourly,US
UR244,27.236,-97.798,madis,subhourly,US
UR245,29.921,-96.6,madis,subhourly,US
UR246,30.97,-96.666,madis,subhourly,US
UR248,29.684,-96.944,madis,subhourly,US
UR250,28.102,-97.459,madis,subhourly,US
UR251,31.266,-105.51,madis,subhourly,US
UR252,30.188,-95.193,madis,subhourly,US
UR253,29.081,-100.4,madis,subhourly,US
UR254,29.206,-100.464,madis,subhourly,US
UR255,31.354,-96.897,madis,subhourly,US
UR256,33.734,-97.923,madis,subhourly,US
UR257,30.355,-103.495,madis,subhourly,US
UR258,32.644,-95.043,madis,subhourly,US
UR259,30.797,-96.502,madis,subhourly,US
UR260,29.04,-95.653,madis,subhourly,US
UR261,30.126,-95.429,madis,subhourly,US
UR262,31.95,-94.228,madis,subhourly,US
UR263,32.73,-96.233,madis,subhourly,US
UR264,28.93,-97.106,madis,subhourly,US
UR265,31.408,-96.575,madis,subhourly,US
UR266,30.582,-97.34,madis,subhourly,US
UR267,31.853,-94.433,madis,subhourly,US
UR268,31.35,-103.72,madis,subhourly,US
UR270,30.908,-95.375,madis,subhourly,US
UR271,32.197,-95.088,madis,subhourly,US
UR272,32.085,-95.136,madis,subhourly,US
UR273,31.18,-97.313,madis,subhourly,US
UR274,31.675,-95.745,madis,subhourly,US
UR275,31.215,-96.642,madis,subhourly,US
UR276,31.577,-102.96,madis,subhourly,US
UR277,29.241,-99.958,madis,subhourly,US
UR278,30.616,-104.533,madis,subhourly,US
UR279,30.691,-96.557,madis,subhourly,US
UR280,30.141,-95.629,madis,subhourly,US
UR281,31.039,-104.873,madis,subhourly,US
UR282,31.525,-97.029,madis,subhourly,US
UR283,29.679,-97.216,madis,subhourly,US
UR284,30.072,-95.992,madis,subhourly,US
UR285,30.206,-103.166,madis,subhourly,US
UR286,31.796,-95.565,madis,subhourly,US
UR287,31.841,-97.081,madis,subhourly,US
UR288,28.606,-98.24,madis,subhourly,US
UR289,30.426,-95.479,madis,subhourly,US
UR290,31.056,-104.647,madis,subhourly,US
UR291,28.226,-97.343,madis,subhourly,US
UR292,31.805,-96.457,madis,subhourly,US
UR293,29.247,-97.182,madis,subhourly,US
UR294,29.058,-99.002,madis,subhourly,US
UR295,26.59,-97.768,madis,subhourly,US
UR296,40.348,-111.78,madis,subhourly,US
UR297,40.73,-113.014,madis,subhourly,US
UR298,40.729,-113.583,madis,subhourly,US
UR299,39.379,-110.442,madis,subhourly,US
UR300,39.735,-110.872,madis,subhourly,US
UR301,39.881,-111.045,madis,subhourly,US
UR302,41.96,-111.951,madis,subhourly,US
UR303,39.951,-111.281,madis,subhourly,US
UR304,40.12,-111.679,madis,subhourly,US
UR305,41.291,-113.406,madis,subhourly,US
UR306,41.271,-113.215,madis,subhourly,US
UR307,39.483,-112.029,madis,subhourly,US
UR308,41.368,-113.961,madis,subhourly,US
UR309,39.479,-110.633,madis,subhourly,US
UR310,39.536,-112.278,madis,subhourly,US
UR311,39.683,-111.842,madis,subhourly,US
UR313,41.335,-113.826,madis,subhourly,US
UR314,40.557,-111.901,madis,subhourly,US
UR315,38.962,-109.566,madis,subhourly,US
UR316,40.735,-113.841,madis,subhourly,US
UR317,40.708,-112.508,madis,subhourly,US
UR318,38.973,-110.062,madis,subhourly,US
UR319,39.655,-110.855,madis,subhourly,US
UR320,39.025,-110.298,madis,subhourly,US
UR321,40.179,-111.618,madis,subhourly,US
UR322,39.943,-111.817,madis,subhourly,US
UR323,38.967,-109.75,madis,subhourly,US
UR324,40.04,-111.541,madis,subhourly,US
UR325,39.241,-110.346,madis,subhourly,US
UR326,41.773,-112.097,madis,subhourly,US
UR327,38.945,-109.381,madis,subhourly,US
UR328,41.446,-112.052,madis,subhourly,US
UR329,39.077,-109.136,madis,subhourly,US
UR330,47.415,-117.694,madis,subhourly,US
UR332,46.742,-118.197,madis,subhourly,US
UR333,46.239,-118.878,madis,subhourly,US
UR334,47.075,-118.153,madis,subhourly,US
UR335,43.132,-87.989,madis,subhourly,US
UR336,42.983,-87.891,madis,subhourly,US
UR337,44.551,-90.923,madis,subhourly,US
UR338,44.989,-92.577,madis,subhourly,US
UR341,41.77,-104.251,madis,subhourly,US
UR342,41.572,-104.116,madis,subhourly,US
UR343,41.331,-104.11,madis,subhourly,US
UR345,41.731,-105.977,madis,subhourly,US
UR346,42.38,-104.098,madis,subhourly,US
UR347,41.049,-104.894,madis,subhourly,US
UR348,41.925,-104.266,madis,subhourly,US
UR349,41.489,-122.307,madis,subhourly,US
UR350,37.15,-100.754,madis,subhourly,US
UR351,41.084,-105.421,madis,subhourly,US
UR352,41.89,-87.654,madis,subhourly,US
UR353,41.899,-87.955,madis,subhourly,US
UR354,41.882,-88.356,madis,subhourly,US
UR355,41.963,-87.748,madis,subhourly,US
UR356,42.066,-87.944,madis,subhourly,US
UR357,42.206,-88.235,madis,subhourly,US
UR358,42.165,-87.783,madis,subhourly,US
UR359,42.385,-87.824,madis,subhourly,US
UR360,32.547,-111.3,madis,subhourly,US
UR361,45.805,-119.426,madis,subhourly,US
UR362,42.772,-104.694,madis,subhourly,US
UR363,41.463,-96.869,madis,subhourly,US
UR364,32.853,-97.266,madis,subhourly,US
UR365,44.793,-91.345,madis,subhourly,US
UR366,44.268,-90.791,madis,subhourly,US
UR367,32.71,-113.868,madis,subhourly,US
UR368,39.843,-121.406,madis,subhourly,US
UR370,32.784,-111.608,madis,subhourly,US
UR371,40.002,-121.268,madis,subhourly,US
UR372,41.796,-92.747,madis,subhourly,US
UR373,30.407,-91.423,madis,subhourly,US
UR374,29.504,-98.341,madis,subhourly,US
UR375,44.999,-92.877,madis,subhourly,US
UR376,43.392,-88.823,madis,subhourly,US
UR377,34.857,-92.353,madis,subhourly,US
UR378,46.529,-118.581,madis,subhourly,US
UR379,29.636,-95.494,madis,subhourly,US
UR380,44.008,-90.027,madis,subhourly,US
UR381,41.524,-92.669,madis,subhourly,US
UR382,44.487,-93.159,madis,subhourly,US
UR383,37.198,-90.706,madis,subhourly,US
UR384,33.155,-115.314,madis,subhourly,US
UR385,32.87,-111.746,madis,subhourly,US
UR386,32.374,-93.657,madis,subhourly,US
UR387,39.832,-120.673,madis,subhourly,US
UR388,40.016,-121.052,madis,subhourly,US
UR389,43.722,-122.337,madis,subhourly,US
UR390,38.594,-90.363,madis,subhourly,US
UR391,31.177,-92.484,madis,subhourly,US
UR392,36.247,-97.892,madis,subhourly,US
UR394,41.494,-87.635,madis,subhourly,US
UR395,41.897,-91.949,madis,subhourly,US
UR396,38.15,-97.844,madis,subhourly,US
UR397,32.184,-107.158,madis,subhourly,US
UR398,32.874,-97.262,madis,subhourly,US
UR399,32.136,-96.202,madis,subhourly,US
UR400,41.109,-111.207,madis,subhourly,US
UR401,42.93,-87.888,madis,subhourly,US
UR402,37.815,-89.243,madis,subhourly,US
UR403,39.079,-94.749,madis,subhourly,US
UR404,39.81,-120.343,madis,subhourly,US
UR405,42.02,-92.824,madis,subhourly,US
UR406,40.42,-111.89,madis,subhourly,US
UR407,32.708,-96.007,madis,subhourly,US
UR408,39.768,-96.482,madis,subhourly,US
UR409,38.978,-95.094,madis,subhourly,US
UR410,33.452,-115.85,madis,subhourly,US
UR411,30.102,-94.006,madis,subhourly,US
UR412,32.67,-95.596,madis,subhourly,US
UR414,32.281,-95.748,madis,subhourly,US
UR415,39.748,-104.704,madis,subhourly,US
UR416,40.211,-97.253,madis,subhourly,US
UR417,37.957,-97.157,madis,subhourly,US
UR418,39.924,-95.713,madis,subhourly,US
UR419,35.246,-91.65,madis,subhourly,US
UR421,30.238,-93.202,madis,subhourly,US
UR422,41.846,-90.901,madis,subhourly,US
UR423,39.375,-94.287,madis,subhourly,US
UR424,33.777,-96.56,madis,subhourly,US
UR425,41.17,-87.653,madis,subhourly,US
UR426,39.85,-95.977,madis,subhourly,US
UR427,41.946,-92.483,madis,subhourly,US
UR428,33.155,-115.314,madis,subhourly,US
UR429,38.763,-93.711,madis,subhourly,US
UR430,29.556,-95.856,madis,subhourly,US
UR431,39.009,-93.045,madis,subhourly,US
UR432,39.173,-96.564,madis,subhourly,US
UR433,42.052,-93.815,madis,subhourly,US
UR436,30.149,-93.658,madis,subhourly,US
UR437,38.004,-89.973,madis,subhourly,US
UR438,41.249,-111.031,madis,subhourly,US
UR439,34.016,-97.965,madis,subhourly,US
UR440,42.088,-87.845,madis,subhourly,US
UR441,41.249,-97.781,madis,subhourly,US
UR442,42.484,-88.698,madis,subhourly,US
UR443,40.887,-100.069,madis,subhourly,US
UR444,38.69,-91.355,madis,subhourly,US
URBC2,39.768,-104.867,madis,subhourly,US
URBN6,42.371,-77.203,madis,subhourly,US
URCC2,37.553,-103.825,madis,subhourly,US
URGC2,37.722,-107.26,madis,subhourly,US
URM,40.68,-112.444,madis,subhourly,US
URVO1,40.386,-81.347,madis,subhourly,US
US009052008,43.7333,-96.6333,ghcn,daily,US
US10adam001,40.568,-98.5069,ghcn,daily,US
US10adam002,40.5093,-98.5493,ghcn,daily,US
US10adam003,40.4663,-98.6537,ghcn,daily,US
US10adam004,40.4798,-98.4026,ghcn,daily,US
US10adam006,40.4372,-98.5912,ghcn,daily,US
US10adam007,40.5389,-98.4713,ghcn,daily,US
US10adam008,40.4953,-98.2973,ghcn,daily,US
US10adam010,40.5532,-98.6297,ghcn,daily,US
US10adam011,40.4078,-98.6161,ghcn,daily,US
US10adam012,40.62,-98.39,ghcn,daily,US
US10adam013,40.66,-98.42,ghcn,daily,US
US10adam015,40.6258,-98.7034,ghcn,daily,US
US10adam016,40.64,-98.3949,ghcn,daily,US
US10adam017,40.6567,-98.4789,ghcn,daily,US
US10adam019,40.6114,-98.5543,ghcn,daily,US
US10adam022,40.5936,-98.4299,ghcn,daily,US
US10adam023,40.5981,-98.4732,ghcn,daily,US
US10adam024,40.3901,-98.2715,ghcn,daily,US
US10adam025,40.6004,-98.3986,ghcn,daily,US
US10adam027,40.5998,-98.4723,ghcn,daily,US
US10adam028,40.4653,-98.6517,ghcn,daily,US
US10adam029,40.5536,-98.3166,ghcn,daily,US
US10adam032,40.3571,-98.4208,ghcn,daily,US
US10adam033,40.4127,-98.3538,ghcn,daily,US
US10adam034,40.6129,-98.6482,ghcn,daily,US
US10adam035,40.607,-98.4588,ghcn,daily,US
US10adam036,40.5609,-98.402,ghcn,daily,US
US10adam039,40.602,-98.4048,ghcn,daily,US
US10adam041,40.434,-98.4389,ghcn,daily,US
US10adam043,40.5917,-98.5092,ghcn,daily,US
US10adam045,40.6121,-98.3888,ghcn,daily,US
US10adam046,40.5443,-98.4208,ghcn,daily,US
US10adam047,40.5917,-98.4287,ghcn,daily,US
US10adam051,40.4166,-98.5341,ghcn,daily,US
US10adam056,40.58,-98.3717,ghcn,daily,US
US10adam057,40.6607,-98.5535,ghcn,daily,US
US10ante003,42.3374,-98.2405,ghcn,daily,US
US10arth002,41.3955,-101.4074,ghcn,daily,US
US10bann001,41.6581,-103.6151,ghcn,daily,US
US10bann005,41.6415,-103.9481,ghcn,daily,US
US10bann006,41.5589,-103.7407,ghcn,daily,US
US10bann007,41.5037,-103.7634,ghcn,daily,US
US10bann008,41.6363,-103.6842,ghcn,daily,US
US10bann009,41.6804,-103.6852,ghcn,daily,US
US10blai001,41.9138,-99.9644,ghcn,daily,US
US10blai003,41.7609,-100.2353,ghcn,daily,US
US10blai004,41.9043,-100.2657,ghcn,daily,US
US10blai005,42.0189,-100.1227,ghcn,daily,US
US10blai006,42.0715,-100.0649,ghcn,daily,US
US10blai008,41.803,-100.2225,ghcn,daily,US
US10blai010,41.9224,-99.7449,ghcn,daily,US
US10blai011,41.8838,-100.174,ghcn,daily,US
US10blai012,41.8194,-100.1071,ghcn,daily,US
US10boon002,41.5249,-97.9933,ghcn,daily,US
US10boon003,41.7571,-98.2343,ghcn,daily,US
US10boon004,41.684,-97.9872,ghcn,daily,US
US10boon005,41.6402,-97.9951,ghcn,daily,US
US10boon006,41.502,-98.158,ghcn,daily,US
US10boon007,41.8655,-98.2295,ghcn,daily,US
US10boon008,41.6273,-98.2379,ghcn,daily,US
US10boon009,41.6685,-97.8945,ghcn,daily,US
US10boon010,41.6689,-98.1166,ghcn,daily,US
US10boon011,41.8518,-98.0448,ghcn,daily,US
US10box_001,42.1911,-102.9518,ghcn,daily,US
US10box_003,42.017,-102.9953,ghcn,daily,US
US10box_004,42.1486,-102.749,ghcn,daily,US
US10box_005,42.3195,-103.0705,ghcn,daily,US
US10box_006,42.3653,-102.9952,ghcn,daily,US
US10box_007,42.1675,-102.8005,ghcn,daily,US
US10box_008,42.2712,-103.141,ghcn,daily,US
US10box_009,42.3968,-102.8848,ghcn,daily,US
US10box_010,42.116,-103.4295,ghcn,daily,US
US10box_013,42.1138,-102.8901,ghcn,daily,US
US10box_014,42.2981,-102.8596,ghcn,daily,US
US10box_020,42.3167,-103.0787,ghcn,daily,US
US10box_023,42.4093,-102.7894,ghcn,daily,US
US10box_024,42.3263,-102.9934,ghcn,daily,US
US10box_030,42.2357,-103.3072,ghcn,daily,US
US10boyd002,42.9095,-98.8492,ghcn,daily,US
US10boyd003,42.9141,-98.6603,ghcn,daily,US
US10boyd005,42.9096,-98.8428,ghcn,daily,US
US10brow001,42.5359,-99.7092,ghcn,daily,US
US10brow003,42.636,-100.015,ghcn,daily,US
US10brow004,42.5375,-100.1208,ghcn,daily,US
US10brow005,42.6748,-99.7695,ghcn,daily,US
US10brow006,42.5718,-100.0545,ghcn,daily,US
US10brow007,42.6988,-100.0668,ghcn,daily,US
US10brow008,42.3248,-100.061,ghcn,daily,US
US10brow009,42.3171,-100.0112,ghcn,daily,US
US10buff001,40.7826,-99.1023,ghcn,daily,US
US10buff002,40.7062,-99.1142,ghcn,daily,US
US10buff003,40.9445,-98.8465,ghcn,daily,US
US10buff004,40.6908,-99.094,ghcn,daily,US
US10buff005,40.8588,-98.9216,ghcn,daily,US
US10buff006,40.9223,-99.3868,ghcn,daily,US
US10buff007,40.9903,-98.8699,ghcn,daily,US
US10buff008,40.9593,-98.9631,ghcn,daily,US
US10buff010,40.9789,-99.0637,ghcn,daily,US
US10buff011,40.7725,-98.7306,ghcn,daily,US
US10buff012,40.7494,-98.8479,ghcn,daily,US
US10buff013,40.6995,-99.4062,ghcn,daily,US
US10buff015,40.8477,-99.3277,ghcn,daily,US
US10buff017,40.7236,-99.1035,ghcn,daily,US
US10buff018,40.665,-99.0852,ghcn,daily,US
US10buff019,40.9728,-98.8024,ghcn,daily,US
US10buff020,40.7407,-99.0647,ghcn,daily,US
US10buff025,40.7412,-99.1602,ghcn,daily,US
US10buff034,40.8144,-98.8403,ghcn,daily,US
US10buff036,40.7853,-99.1653,ghcn,daily,US
US10buff039,40.8153,-98.8355,ghcn,daily,US
US10burt001,41.7267,-96.1557,ghcn,daily,US
US10burt002,41.6965,-96.3619,ghcn,daily,US
US10burt003,41.8593,-96.4701,ghcn,daily,US
US10burt004,41.7859,-96.4065,ghcn,daily,US
US10butl003,41.1229,-97.367,ghcn,daily,US
US10butl004,41.219,-97.349,ghcn,daily,US
US10butl005,41.185,-97.2542,ghcn,daily,US
US10butl008,41.158,-96.9952,ghcn,daily,US
US10butl010,41.2963,-97.3493,ghcn,daily,US
US10butl011,41.3221,-97.3465,ghcn,daily,US
US10butl013,41.3565,-97.2356,ghcn,daily,US
US10butl015,41.0706,-97.3672,ghcn,daily,US
US10butl020,41.2557,-97.1301,ghcn,daily,US
US10cass001,40.9946,-95.8976,ghcn,daily,US
US10cass005,40.865,-96.1171,ghcn,daily,US
US10cass010,40.8048,-96.4467,ghcn,daily,US
US10cass011,41.0289,-95.9874,ghcn,daily,US
US10ceda001,42.628,-97.27,ghcn,daily,US
US10ceda002,42.7652,-97.3027,ghcn,daily,US
US10ceda003,42.4974,-97.4279,ghcn,daily,US
US10ceda004,42.6983,-97.4464,ghcn,daily,US
US10ceda005,42.8151,-97.4648,ghcn,daily,US
US10ceda006,42.4971,-97.2691,ghcn,daily,US
US10ceda008,42.6702,-97.1716,ghcn,daily,US
US10ceda009,42.5654,-97.1363,ghcn,daily,US
US10ceda010,42.7432,-97.1706,ghcn,daily,US
US10ceda011,42.8013,-97.368,ghcn,daily,US
US10ceda012,42.5044,-97.2076,ghcn,daily,US
US10ceda013,42.6702,-97.1716,ghcn,daily,US
US10ceda014,42.3951,-97.0319,ghcn,daily,US
US10ceda015,42.3722,-97.3592,ghcn,daily,US
US10ceda016,42.5973,-97.022,ghcn,daily,US
US10ceda017,42.6787,-97.4261,ghcn,daily,US
US10ceda020,42.7043,-97.3915,ghcn,daily,US
US10ceda021,42.8092,-97.2482,ghcn,daily,US
US10ceda026,42.7285,-97.2466,ghcn,daily,US
US10chas001,40.5158,-101.6451,ghcn,daily,US
US10chas002,40.4629,-101.5907,ghcn,daily,US
US10chas003,40.4085,-101.6227,ghcn,daily,US
US10chas004,40.6257,-101.5369,ghcn,daily,US
US10chas005,40.5495,-101.7773,ghcn,daily,US
US10chas006,40.4949,-101.8424,ghcn,daily,US
US10chas007,40.629,-101.9119,ghcn,daily,US
US10chas008,40.5493,-101.9893,ghcn,daily,US
US10chas009,40.6615,-101.4202,ghcn,daily,US
US10chas010,40.5253,-101.6226,ghcn,daily,US
US10chas011,40.5667,-101.7244,ghcn,daily,US
US10chas012,40.4836,-101.9051,ghcn,daily,US
US10chas013,40.6768,-101.9156,ghcn,daily,US
US10chas016,40.5227,-101.9864,ghcn,daily,US
US10chas017,40.6122,-101.3454,ghcn,daily,US
US10chas018,40.5089,-101.3614,ghcn,daily,US
US10chas019,40.5059,-101.4966,ghcn,daily,US
US10chas021,40.4253,-101.4242,ghcn,daily,US
US10chas023,40.6832,-101.6432,ghcn,daily,US
US10chas024,40.3657,-101.4365,ghcn,daily,US
US10chas025,40.4213,-101.7182,ghcn,daily,US
US10chas026,40.6249,-101.7822,ghcn,daily,US
US10chas027,40.4702,-101.748,ghcn,daily,US
US10chas028,40.4688,-101.541,ghcn,daily,US
US10chas029,40.4434,-101.7821,ghcn,daily,US
US10chas030,40.5789,-101.4193,ghcn,daily,US
US10chas031,40.3793,-101.5415,ghcn,daily,US
US10chas032,40.3773,-101.855,ghcn,daily,US
US10chas033,40.393,-101.7795,ghcn,daily,US
US10chas034,40.4309,-101.4868,ghcn,daily,US
US10chas035,40.6539,-101.4379,ghcn,daily,US
US10chas036,40.6376,-101.4573,ghcn,daily,US
US10cher001,42.3495,-101.1024,ghcn,daily,US
US10cher004,42.1461,-100.5307,ghcn,daily,US
US10cher005,42.872,-100.5448,ghcn,daily,US
US10cher006,42.3039,-100.2193,ghcn,daily,US
US10cher007,42.942,-100.71,ghcn,daily,US
US10cher008,42.9975,-100.2211,ghcn,daily,US
US10cher009,42.4568,-100.5756,ghcn,daily,US
US10cher010,42.198,-101.777,ghcn,daily,US
US10cher011,42.6624,-100.4779,ghcn,daily,US
US10cher012,42.4781,-100.9129,ghcn,daily,US
US10cher013,42.3536,-100.6312,ghcn,daily,US
US10cher014,42.293,-100.3597,ghcn,daily,US
US10cher016,42.9375,-101.2438,ghcn,daily,US
US10cher017,42.7032,-100.6163,ghcn,daily,US
US10cher018,42.9955,-101.7119,ghcn,daily,US
US10cher019,42.8679,-101.4056,ghcn,daily,US
US10cher022,42.9816,-100.5682,ghcn,daily,US
US10cher023,42.6315,-100.6702,ghcn,daily,US
US10cher024,42.82,-101.2825,ghcn,daily,US
US10cher025,42.6558,-100.2688,ghcn,daily,US
US10cher026,42.4186,-101.557,ghcn,daily,US
US10cher027,42.8978,-101.2733,ghcn,daily,US
US10cher028,42.8151,-101.613,ghcn,daily,US
US10cher032,42.6638,-100.6651,ghcn,daily,US
US10chey002,41.2638,-102.8855,ghcn,daily,US
US10chey003,41.4098,-102.972,ghcn,daily,US
US10chey004,41.1548,-103.1077,ghcn,daily,US
US10chey005,41.04,-102.96,ghcn,daily,US
US10chey007,41.127,-102.97,ghcn,daily,US
US10chey008,41.1491,-102.6355,ghcn,daily,US
US10chey009,41.1059,-102.8108,ghcn,daily,US
US10chey010,41.3766,-103.0495,ghcn,daily,US
US10chey012,41.2225,-102.726,ghcn,daily,US
US10chey013,41.2369,-102.8361,ghcn,daily,US
US10chey014,41.3945,-103.0327,ghcn,daily,US
US10chey015,41.2922,-102.8016,ghcn,daily,US
US10chey016,41.414,-102.695,ghcn,daily,US
US10chey017,41.2098,-103.2978,ghcn,daily,US
US10chey018,41.3722,-103.1112,ghcn,daily,US
US10chey019,41.3264,-102.9948,ghcn,daily,US
US10chey021,41.1554,-102.9844,ghcn,daily,US
US10chey022,41.1271,-102.9594,ghcn,daily,US
US10chey024,41.4188,-102.9737,ghcn,daily,US
US10chey025,41.1289,-102.9701,ghcn,daily,US
US10chey026,41.2586,-103.2644,ghcn,daily,US
US10chey027,41.1772,-103.2022,ghcn,daily,US
US10chey028,41.0317,-102.9277,ghcn,daily,US
US10chey029,41.3956,-103.3643,ghcn,daily,US
US10chey030,41.3903,-103.2967,ghcn,daily,US
US10chey031,41.175,-102.6462,ghcn,daily,US
US10chey032,41.0675,-102.6314,ghcn,daily,US
US10chey033,41.0246,-103.2684,ghcn,daily,US
US10chey034,41.2661,-102.9896,ghcn,daily,US
US10chey035,41.118,-103.1154,ghcn,daily,US
US10chey036,41.1334,-103.2254,ghcn,daily,US
US10chey037,41.0622,-103.2221,ghcn,daily,US
US10chey038,41.2362,-102.6945,ghcn,daily,US
US10chey041,41.202,-103.163,ghcn,daily,US
US10chey045,41.2807,-102.9306,ghcn,daily,US
US10chey046,41.189,-103.2204,ghcn,daily,US
US10chey047,41.0054,-102.9378,ghcn,daily,US
US10chey049,41.0492,-103.1975,ghcn,daily,US
US10chey053,41.0856,-102.6689,ghcn,daily,US
US10chey056,41.3499,-102.8094,ghcn,daily,US
US10chey060,41.1339,-102.9777,ghcn,daily,US
US10clay002,40.3504,-97.897,ghcn,daily,US
US10clay004,40.5318,-98.107,ghcn,daily,US
US10clay005,40.4019,-97.9945,ghcn,daily,US
US10clay007,40.5099,-98.2439,ghcn,daily,US
US10clay008,40.4549,-98.0329,ghcn,daily,US
US10clay009,40.6115,-98.2773,ghcn,daily,US
US10clay012,40.6698,-98.1668,ghcn,daily,US
US10clay013,40.4615,-98.0694,ghcn,daily,US
US10clay015,40.6114,-97.8523,ghcn,daily,US
US10clay017,40.4517,-97.9066,ghcn,daily,US
US10clay018,40.526,-98.0537,ghcn,daily,US
US10clay019,40.5402,-98.2414,ghcn,daily,US
US10clay020,40.5245,-98.1652,ghcn,daily,US
US10clay021,40.4813,-98.1273,ghcn,daily,US
US10clay023,40.4473,-98.0466,ghcn,daily,US
US10clay024,40.6942,-98.0532,ghcn,daily,US
US10clay025,40.4224,-98.2226,ghcn,daily,US
US10clay027,40.4522,-98.2156,ghcn,daily,US
US10clay029,40.4086,-98.1087,ghcn,daily,US
US10clay037,40.5967,-97.8673,ghcn,daily,US
US10clay039,40.6236,-98.0925,ghcn,daily,US
US10clay041,40.5199,-98.0526,ghcn,daily,US
US10clay044,40.6101,-97.8621,ghcn,daily,US
US10colf001,41.7014,-97.0731,ghcn,daily,US
US10colf002,41.5837,-97.0027,ghcn,daily,US
US10colf003,41.596,-97.1614,ghcn,daily,US
US10colf005,41.4186,-97.2521,ghcn,daily,US
US10cumi002,41.8049,-96.6907,ghcn,daily,US
US10cumi003,41.8664,-96.7995,ghcn,daily,US
US10cumi005,41.9103,-96.6379,ghcn,daily,US
US10cumi006,41.9826,-96.9095,ghcn,daily,US
US10cumi007,41.82,-96.71,ghcn,daily,US
US10cumi008,41.9301,-96.8078,ghcn,daily,US
US10cumi009,42.0028,-96.5717,ghcn,daily,US
US10cumi010,41.7973,-96.7926,ghcn,daily,US
US10cumi011,42.0045,-96.7088,ghcn,daily,US
US10cumi012,42.0149,-96.5756,ghcn,daily,US
US10cust001,41.1325,-99.7503,ghcn,daily,US
US10cust002,41.6544,-99.4623,ghcn,daily,US
US10cust003,41.4206,-100.1929,ghcn,daily,US
US10cust004,41.1492,-100.1954,ghcn,daily,US
US10cust005,41.2685,-99.5322,ghcn,daily,US
US10cust007,41.2891,-99.3739,ghcn,daily,US
US10cust008,41.5246,-99.716,ghcn,daily,US
US10cust009,41.5285,-99.8369,ghcn,daily,US
US10cust010,41.1759,-99.6131,ghcn,daily,US
US10cust011,41.5008,-100.0225,ghcn,daily,US
US10cust012,41.6293,-99.9052,ghcn,daily,US
US10cust013,41.689,-99.9324,ghcn,daily,US
US10cust014,41.5419,-100.0685,ghcn,daily,US
US10cust015,41.7171,-99.9848,ghcn,daily,US
US10cust016,41.6,-99.7523,ghcn,daily,US
US10cust017,41.2252,-99.6644,ghcn,daily,US
US10cust020,41.2793,-100.1589,ghcn,daily,US
US10cust021,41.4517,-99.9745,ghcn,daily,US
US10cust022,41.409,-99.4638,ghcn,daily,US
US10cust027,41.7346,-99.6987,ghcn,daily,US
US10cust028,41.6399,-99.3898,ghcn,daily,US
US10cust029,41.5562,-99.2362,ghcn,daily,US
US10cust032,41.4189,-99.8858,ghcn,daily,US
US10cust035,41.5661,-100.0212,ghcn,daily,US
US10cust039,41.2888,-99.9237,ghcn,daily,US
US10cust040,41.2868,-99.7077,ghcn,daily,US
US10cust041,41.4004,-99.5844,ghcn,daily,US
US10cust042,41.6273,-99.741,ghcn,daily,US
US10cust045,41.412,-99.6378,ghcn,daily,US
US10cust046,41.4816,-99.8928,ghcn,daily,US
US10dako002,42.3484,-96.6192,ghcn,daily,US
US10dako003,42.3882,-96.5916,ghcn,daily,US
US10dawe001,42.8292,-102.9939,ghcn,daily,US
US10dawe002,42.8304,-102.9956,ghcn,daily,US
US10dawe003,42.7696,-103.0213,ghcn,daily,US
US10dawe005,42.7177,-103.0117,ghcn,daily,US
US10dawe006,42.6675,-103.2848,ghcn,daily,US
US10dawe007,42.8037,-103.0531,ghcn,daily,US
US10dawe010,42.6256,-102.8125,ghcn,daily,US
US10dawe011,42.5602,-103.0704,ghcn,daily,US
US10dawe012,42.7625,-103.3398,ghcn,daily,US
US10dawe013,42.5495,-103.3619,ghcn,daily,US
US10dawe015,42.4525,-102.9868,ghcn,daily,US
US10dawe016,42.6975,-103.3779,ghcn,daily,US
US10dawe017,42.4672,-103.145,ghcn,daily,US
US10dawe018,42.5116,-103.1096,ghcn,daily,US
US10dawe019,42.7123,-103.0049,ghcn,daily,US
US10dawe023,42.457,-102.9293,ghcn,daily,US
US10dawe025,42.8475,-103.0671,ghcn,daily,US
US10dawe026,42.668,-103.0668,ghcn,daily,US
US10dawe027,42.611,-103.0857,ghcn,daily,US
US10dawe030,42.4549,-103.2334,ghcn,daily,US
US10daws001,40.8658,-99.8494,ghcn,daily,US
US10daws002,40.78,-99.72,ghcn,daily,US
US10daws003,40.781,-99.5593,ghcn,daily,US
US10daws004,40.8844,-100.0327,ghcn,daily,US
US10daws005,40.7104,-99.7008,ghcn,daily,US
US10daws006,40.694,-99.587,ghcn,daily,US
US10daws007,41.0007,-100.1654,ghcn,daily,US
US10daws008,40.7966,-99.9956,ghcn,daily,US
US10daws009,40.8876,-100.1645,ghcn,daily,US
US10daws010,40.9455,-99.5599,ghcn,daily,US
US10daws011,40.9238,-99.4457,ghcn,daily,US
US10daws012,41.0118,-99.6248,ghcn,daily,US
US10daws013,40.7471,-99.4578,ghcn,daily,US
US10daws014,40.7135,-99.5213,ghcn,daily,US
US10daws015,40.7099,-100.1229,ghcn,daily,US
US10daws017,40.8715,-99.981,ghcn,daily,US
US10daws018,40.9394,-100.1577,ghcn,daily,US
US10deue001,41.0936,-102.4766,ghcn,daily,US
US10deue002,41.0955,-102.471,ghcn,daily,US
US10deue003,41.087,-102.4699,ghcn,daily,US
US10deue004,41.1496,-102.3234,ghcn,daily,US
US10deue005,41.1106,-102.3243,ghcn,daily,US
US10deue009,41.0613,-102.0896,ghcn,daily,US
US10deue010,41.1297,-102.4565,ghcn,daily,US
US10deue012,41.0479,-102.5835,ghcn,daily,US
US10deue013,41.0946,-102.4586,ghcn,daily,US
US10deue015,41.0025,-102.241,ghcn,daily,US
US10deue016,41.0557,-102.074,ghcn,daily,US
US10deue018,41.1828,-102.5743,ghcn,daily,US
US10deue020,41.1266,-102.246,ghcn,daily,US
US10deue021,41.0911,-102.5577,ghcn,daily,US
US10deue025,41.0942,-102.4764,ghcn,daily,US
US10dixo001,42.4273,-96.9774,ghcn,daily,US
US10dixo003,42.3056,-96.7977,ghcn,daily,US
US10dixo005,42.5618,-96.7053,ghcn,daily,US
US10dixo006,42.5766,-96.8686,ghcn,daily,US
US10dodg005,41.668,-96.628,ghcn,daily,US
US10dodg012,41.6544,-96.5097,ghcn,daily,US
US10doug001,41.2201,-96.1474,ghcn,daily,US
US10doug002,41.199,-96.1841,ghcn,daily,US
US10doug005,41.2582,-96.1784,ghcn,daily,US
US10doug006,41.2658,-95.9927,ghcn,daily,US
US10doug007,41.2811,-96.1593,ghcn,daily,US
US10doug009,41.1977,-96.152,ghcn,daily,US
US10doug012,41.289,-96.331,ghcn,daily,US
US10doug013,41.3337,-95.9828,ghcn,daily,US
US10doug014,41.2166,-96.1456,ghcn,daily,US
US10doug015,41.32,-95.975,ghcn,daily,US
US10doug018,41.2924,-96.0062,ghcn,daily,US
US10doug019,41.1977,-96.0737,ghcn,daily,US
US10doug020,41.2903,-96.0279,ghcn,daily,US
US10doug021,41.2964,-96.2471,ghcn,daily,US
US10doug022,41.114,-96.1323,ghcn,daily,US
US10doug024,41.2844,-96.1014,ghcn,daily,US
US10doug025,41.3639,-96.1558,ghcn,daily,US
US10doug029,41.2523,-96.1839,ghcn,daily,US
US10doug031,41.2585,-96.2296,ghcn,daily,US
US10doug033,41.294,-96.1629,ghcn,daily,US
US10doug035,41.269,-96.116,ghcn,daily,US
US10doug036,41.3114,-96.1412,ghcn,daily,US
US10doug046,41.3003,-96.0398,ghcn,daily,US
US10doug051,41.3553,-96.2138,ghcn,daily,US
US10doug052,41.2538,-96.3304,ghcn,daily,US
US10doug053,41.2499,-96.1714,ghcn,daily,US
US10doug054,41.3121,-96.1779,ghcn,daily,US
US10doug055,41.3661,-96.3878,ghcn,daily,US
US10doug057,41.2042,-96.1052,ghcn,daily,US
US10doug059,41.206,-96.1812,ghcn,daily,US
US10doug060,41.2687,-95.9869,ghcn,daily,US
US10doug064,41.3348,-96.366,ghcn,daily,US
US10dund001,40.0535,-101.5336,ghcn,daily,US
US10dund002,40.1135,-101.4065,ghcn,daily,US
US10dund003,40.0194,-101.3384,ghcn,daily,US
US10dund004,40.1626,-101.6806,ghcn,daily,US
US10dund005,40.1765,-101.39,ghcn,daily,US
US10dund006,40.2061,-101.3638,ghcn,daily,US
US10dund007,40.2213,-101.5863,ghcn,daily,US
US10dund008,40.3158,-101.8781,ghcn,daily,US
US10dund009,40.2787,-101.6933,ghcn,daily,US
US10dund010,40.1177,-101.7821,ghcn,daily,US
US10dund011,40.1548,-101.4734,ghcn,daily,US
US10dund013,40.2894,-101.3616,ghcn,daily,US
US10dund014,40.0757,-101.5947,ghcn,daily,US
US10dund015,40.3361,-101.4339,ghcn,daily,US
US10dund016,40.3219,-101.5138,ghcn,daily,US
US10dund017,40.139,-101.8625,ghcn,daily,US
US10dund018,40.3343,-101.3468,ghcn,daily,US
US10dund019,40.1078,-101.5849,ghcn,daily,US
US10dund020,40.3347,-101.3795,ghcn,daily,US
US10dund022,40.2415,-101.7007,ghcn,daily,US
US10dund023,40.12,-101.7334,ghcn,daily,US
US10fill001,40.6386,-97.556,ghcn,daily,US
US10fill002,40.634,-97.5841,ghcn,daily,US
US10fill003,40.3785,-97.73,ghcn,daily,US
US10fill005,40.5402,-97.672,ghcn,daily,US
US10fill006,40.4067,-97.3739,ghcn,daily,US
US10fill007,40.3509,-97.5014,ghcn,daily,US
US10fill008,40.5195,-97.5985,ghcn,daily,US
US10fill010,40.6539,-97.5199,ghcn,daily,US
US10fill011,40.5866,-97.6917,ghcn,daily,US
US10fill012,40.4886,-97.7485,ghcn,daily,US
US10fill014,40.5357,-97.4347,ghcn,daily,US
US10fill015,40.527,-97.5982,ghcn,daily,US
US10fill019,40.4362,-97.483,ghcn,daily,US
US10fran001,40.0747,-98.8176,ghcn,daily,US
US10fran002,40.2732,-99.0295,ghcn,daily,US
US10fran003,40.288,-98.9208,ghcn,daily,US
US10fran004,40.098,-98.9572,ghcn,daily,US
US10fran005,40.0781,-99.1414,ghcn,daily,US
US10fran006,40.2623,-99.1075,ghcn,daily,US
US10fran007,40.2776,-99.1562,ghcn,daily,US
US10fran008,40.1071,-98.9437,ghcn,daily,US
US10fran009,40.2478,-98.8561,ghcn,daily,US
US10fran013,40.0576,-99.1572,ghcn,daily,US
US10fran014,40.3363,-99.0419,ghcn,daily,US
US10fran015,40.0999,-98.9228,ghcn,daily,US
US10fron002,40.5556,-100.4389,ghcn,daily,US
US10fron003,40.3726,-100.4113,ghcn,daily,US
US10fron004,40.6295,-100.5277,ghcn,daily,US
US10fron005,40.3652,-100.3659,ghcn,daily,US
US10fron007,40.6595,-100.6237,ghcn,daily,US
US10fron008,40.631,-100.5159,ghcn,daily,US
US10fron009,40.6199,-100.0473,ghcn,daily,US
US10fron010,40.6901,-100.0995,ghcn,daily,US
US10fron011,40.57,-100.1177,ghcn,daily,US
US10fron012,40.4063,-100.3632,ghcn,daily,US
US10fron014,40.4028,-100.6412,ghcn,daily,US
US10fron015,40.5081,-100.6456,ghcn,daily,US
US10fron016,40.5523,-100.0582,ghcn,daily,US
US10fron017,40.3882,-100.1712,ghcn,daily,US
US10fron018,40.5422,-100.2858,ghcn,daily,US
US10fron019,40.5021,-100.5022,ghcn,daily,US
US10furn001,40.3021,-100.1547,ghcn,daily,US
US10furn002,40.2928,-99.6693,ghcn,daily,US
US10furn003,40.1823,-99.8051,ghcn,daily,US
US10furn004,40.0502,-99.8189,ghcn,daily,US
US10furn005,40.3073,-99.982,ghcn,daily,US
US10furn006,40.0096,-99.9996,ghcn,daily,US
US10furn007,40.0732,-99.6668,ghcn,daily,US
US10furn008,40.0887,-99.892,ghcn,daily,US
US10furn009,40.2179,-100.0153,ghcn,daily,US
US10furn010,40.1478,-99.8943,ghcn,daily,US
US10furn014,40.133,-99.8238,ghcn,daily,US
US10furn015,40.2463,-99.9516,ghcn,daily,US
US10furn018,40.2499,-99.6375,ghcn,daily,US
US10furn019,40.2596,-99.7367,ghcn,daily,US
US10furn020,40.1145,-100.1042,ghcn,daily,US
US10furn022,40.3083,-99.9056,ghcn,daily,US
US10furn024,40.2215,-100.1086,ghcn,daily,US
US10furn025,40.2854,-100.179,ghcn,daily,US
US10furn031,40.0451,-100.0164,ghcn,daily,US
US10gage002,40.2799,-96.7359,ghcn,daily,US
US10gage003,40.0525,-96.5774,ghcn,daily,US
US10gage004,40.3063,-96.875,ghcn,daily,US
US10gage007,40.0305,-96.8817,ghcn,daily,US
US10gage008,40.3642,-96.6782,ghcn,daily,US
US10gage009,40.0086,-96.7029,ghcn,daily,US
US10gage012,40.5008,-96.7049,ghcn,daily,US
US10gage013,40.2911,-96.5367,ghcn,daily,US
US10gage015,40.1312,-96.6284,ghcn,daily,US
US10gage017,40.2143,-96.5954,ghcn,daily,US
US10gage018,40.0445,-96.5112,ghcn,daily,US
US10gage020,40.377,-96.9086,ghcn,daily,US
US10gage021,40.4678,-96.829,ghcn,daily,US
US10gage022,40.118,-96.879,ghcn,daily,US
US10gage023,40.0731,-96.7611,ghcn,daily,US
US10gage025,40.5039,-96.5896,ghcn,daily,US
US10gage026,40.453,-96.5099,ghcn,daily,US
US10gage035,40.267,-96.7144,ghcn,daily,US
US10gage044,40.4914,-96.5204,ghcn,daily,US
US10gard002,41.4093,-102.4439,ghcn,daily,US
US10gard003,41.3342,-102.5328,ghcn,daily,US
US10gard004,41.4114,-102.346,ghcn,daily,US
US10gard007,41.8016,-102.5544,ghcn,daily,US
US10gard008,41.2437,-102.5323,ghcn,daily,US
US10gard009,41.3366,-102.1023,ghcn,daily,US
US10gard010,41.9762,-102.3879,ghcn,daily,US
US10gard011,41.4039,-102.3447,ghcn,daily,US
US10gard016,41.2373,-102.4249,ghcn,daily,US
US10gard019,41.388,-102.179,ghcn,daily,US
US10garf001,41.7952,-99.1076,ghcn,daily,US
US10garf002,42.022,-98.9171,ghcn,daily,US
US10garf003,41.8614,-99.0989,ghcn,daily,US
US10garf004,42.058,-98.9925,ghcn,daily,US
US10garf005,42.0123,-98.899,ghcn,daily,US
US10garf006,41.7862,-99.1309,ghcn,daily,US
US10garf007,41.7223,-99.02,ghcn,daily,US
US10garf009,41.7533,-99.1485,ghcn,daily,US
US10garf010,41.8256,-99.1867,ghcn,daily,US
US10garf011,41.9688,-99.1466,ghcn,daily,US
US10gosp001,40.3974,-99.6763,ghcn,daily,US
US10gosp002,40.4379,-99.8351,ghcn,daily,US
US10gosp003,40.34,-99.5716,ghcn,daily,US
US10gosp004,40.3873,-99.973,ghcn,daily,US
US10gosp006,40.4087,-99.6633,ghcn,daily,US
US10gran003,41.8177,-101.4405,ghcn,daily,US
US10gran004,41.9685,-102.024,ghcn,daily,US
US10gran008,41.971,-101.4603,ghcn,daily,US
US10gran009,41.9993,-101.7542,ghcn,daily,US
US10gran010,41.8993,-101.9545,ghcn,daily,US
US10gran011,41.8507,-101.446,ghcn,daily,US
US10gran013,41.9721,-101.4685,ghcn,daily,US
US10gree002,41.6883,-98.3615,ghcn,daily,US
US10gree003,41.4238,-98.6947,ghcn,daily,US
US10gree004,41.4663,-98.6272,ghcn,daily,US
US10gree005,41.4632,-98.4799,ghcn,daily,US
US10gree006,41.6563,-98.7329,ghcn,daily,US
US10gree007,41.6869,-98.3657,ghcn,daily,US
US10gree009,41.7076,-98.4852,ghcn,daily,US
US10gree010,41.582,-98.6543,ghcn,daily,US
US10gree011,41.581,-98.3857,ghcn,daily,US
US10gree012,41.4611,-98.4383,ghcn,daily,US
US10hall001,40.9294,-98.3767,ghcn,daily,US
US10hall002,40.9187,-98.3863,ghcn,daily,US
US10hall003,40.9407,-98.3474,ghcn,daily,US
US10hall004,40.8585,-98.3781,ghcn,daily,US
US10hall005,40.7874,-98.3029,ghcn,daily,US
US10hall006,41.0376,-98.6071,ghcn,daily,US
US10hall007,41.018,-98.3042,ghcn,daily,US
US10hall008,40.8229,-98.5984,ghcn,daily,US
US10hall009,40.7734,-98.4137,ghcn,daily,US
US10hall010,40.7467,-98.579,ghcn,daily,US
US10hall011,41.0018,-98.6143,ghcn,daily,US
US10hall012,40.8745,-98.5746,ghcn,daily,US
US10hall014,40.7037,-98.7025,ghcn,daily,US
US10hall015,40.9291,-98.3518,ghcn,daily,US
US10hall016,40.9357,-98.3378,ghcn,daily,US
US10hall017,40.8215,-98.4201,ghcn,daily,US
US10hall018,40.7859,-98.6834,ghcn,daily,US
US10hall019,40.8883,-98.5447,ghcn,daily,US
US10hall020,40.8873,-98.7113,ghcn,daily,US
US10hall021,40.9435,-98.3695,ghcn,daily,US
US10hall026,40.9331,-98.3548,ghcn,daily,US
US10hall027,40.9514,-98.4135,ghcn,daily,US
US10hall035,40.898,-98.3619,ghcn,daily,US
US10hall039,40.9894,-98.5117,ghcn,daily,US
US10hall042,40.9436,-98.3706,ghcn,daily,US
US10hall043,40.7921,-98.6456,ghcn,daily,US
US10hami001,41.0539,-97.8878,ghcn,daily,US
US10hami002,40.8863,-97.8748,ghcn,daily,US
US10hami003,40.8598,-97.8425,ghcn,daily,US
US10hami004,40.8583,-97.9881,ghcn,daily,US
US10hami005,40.878,-97.8801,ghcn,daily,US
US10hami006,41.0058,-97.9481,ghcn,daily,US
US10hami008,40.945,-98.1132,ghcn,daily,US
US10hami009,40.9592,-97.9823,ghcn,daily,US
US10hami011,40.7849,-98.169,ghcn,daily,US
US10hami012,41.0348,-97.8459,ghcn,daily,US
US10hami013,40.8944,-98.2171,ghcn,daily,US
US10hami015,40.7934,-98.0724,ghcn,daily,US
US10hami016,40.8728,-98.0833,ghcn,daily,US
US10hami017,40.9503,-97.9988,ghcn,daily,US
US10hami019,40.989,-97.9976,ghcn,daily,US
US10hami021,40.8724,-98.0108,ghcn,daily,US
US10harl001,40.1011,-99.366,ghcn,daily,US
US10harl002,40.1296,-99.3493,ghcn,daily,US
US10harl004,40.1765,-99.5579,ghcn,daily,US
US10harl007,40.1277,-99.4544,ghcn,daily,US
US10harl008,40.0983,-99.3626,ghcn,daily,US
US10harl009,40.1176,-99.2433,ghcn,daily,US
US10harl010,40.1273,-99.5572,ghcn,daily,US
US10harl012,40.3073,-99.3492,ghcn,daily,US
US10harl013,40.2408,-99.2552,ghcn,daily,US
US10harl014,40.129,-99.4512,ghcn,daily,US
US10haye001,40.4525,-100.9292,ghcn,daily,US
US10haye002,40.6826,-101.2432,ghcn,daily,US
US10haye003,40.5106,-101.0202,ghcn,daily,US
US10haye004,40.3999,-101.2766,ghcn,daily,US
US10haye005,40.6963,-101.1418,ghcn,daily,US
US10haye006,40.5296,-100.925,ghcn,daily,US
US10haye007,40.6107,-100.8519,ghcn,daily,US
US10haye008,40.3518,-101.0865,ghcn,daily,US
US10haye009,40.4232,-101.211,ghcn,daily,US
US10haye010,40.5537,-101.2957,ghcn,daily,US
US10haye011,40.5865,-101.074,ghcn,daily,US
US10haye012,40.3725,-101.0376,ghcn,daily,US
US10haye013,40.6565,-100.8098,ghcn,daily,US
US10hitc002,40.2121,-101.0503,ghcn,daily,US
US10hitc003,40.2357,-100.7952,ghcn,daily,US
US10hitc004,40.0882,-100.7859,ghcn,daily,US
US10hitc005,40.1828,-101.0122,ghcn,daily,US
US10hitc006,40.2728,-100.938,ghcn,daily,US
US10hitc007,40.2241,-101.2674,ghcn,daily,US
US10hitc008,40.1829,-101.088,ghcn,daily,US
US10hitc010,40.2618,-101.2313,ghcn,daily,US
US10hitc011,40.1402,-101.2014,ghcn,daily,US
US10hitc012,40.1894,-101.2458,ghcn,daily,US
US10hitc013,40.0802,-101.2408,ghcn,daily,US
US10hitc014,40.1906,-100.8906,ghcn,daily,US
US10hitc015,40.2336,-100.967,ghcn,daily,US
US10hitc016,40.1697,-101.0091,ghcn,daily,US
US10hitc017,40.296,-101.0147,ghcn,daily,US
US10hitc018,40.0195,-100.8266,ghcn,daily,US
US10hitc019,40.1796,-101.012,ghcn,daily,US
US10hitc020,40.3353,-101.1509,ghcn,daily,US
US10hitc022,40.2556,-101.277,ghcn,daily,US
